adm3_pcode,old_adm3_name,new_adm3_name,name_changed,old_adm1_name,new_adm1_name,old_area_km2,new_area_km2,area_delta_km2,area_pct_change,intersection_km2,union_km2,iou,centroid_shift_km,centroid_shift_bearing_deg,old_centroid_lon,old_centroid_lat,new_centroid_lon,new_centroid_lat
ET020305,Gelealo,Gala'alu,yes,Afar,Afar,792.470188,1825.85815,1033.387963,130.4009,0,2618.328338,0,35.3309,148.47,40.469158,10.126046,40.637579,9.853723
ET042011,Bereh,Sebeta,yes,Oromia,Oromia,705.215077,215.176674,-490.038402,-69.4878,0,920.391751,0,47.4859,-120.32,38.95239,9.117063,38.579725,8.900098
ET042012,Akaki,Sululta,yes,Oromia,Oromia,543.97588,148.087819,-395.888061,-72.7768,0,692.0637,0,44.2781,-7.28,38.817654,8.772045,38.766621,9.169156
ET050199,Gablalu,Gablalu,no,Somali,Somali,1035.972957,5019.75823,3983.785273,384.5453,0,6055.731188,0,71.4348,61.93,41.0732,10.335659,41.649274,10.639011
ET050598,El-Ogaden,El-Ogaden,no,Somali,Somali,2182.258963,1639.784207,-542.474755,-24.8584,0,3822.04317,0,83.2931,-170.08,44.567316,7.161633,44.437642,6.419699
ET070401,Shebe Dino,Butajira town,yes,SNNP,Central Ethiopia,197.21142,16.137437,-181.073982,-91.8172,0,213.348857,0,136.3381,-2.52,38.438996,6.88783,38.384684,8.119427
ET070402,Hawassa Zuria,Bui town,yes,SNNP,Central Ethiopia,544.219284,3.512666,-540.706618,-99.3545,0,547.731951,0,143.1243,6.95,38.395221,7.037798,38.552341,8.322411
ET070403,Arbe Gonna,Sodo,yes,SNNP,Central Ethiopia,326.537376,553.542287,227.00491,69.5188,0,880.079663,0,181.0397,-4.1,38.698471,6.681955,38.581046,8.314742
ET070404,Dale,Meskan,yes,SNNP,Central Ethiopia,263.400862,331.058868,67.658006,25.6863,0,594.459729,0,153.7907,-1.6,38.39784,6.76051,38.358962,8.150568
ET070405,Aleta Wendo,Misrak Meskan,yes,SNNP,Central Ethiopia,225.414072,108.322719,-117.091353,-51.945,0,333.73679,0,165.5744,1.68,38.444094,6.607581,38.488067,8.104095
ET070406,Dara,Debub Sodo,yes,SNNP,Central Ethiopia,247.740928,277.257356,29.516428,11.9142,0,524.998285,0,194.3124,3.05,38.391395,6.458806,38.48515,8.213324
ET042006,Sebeta Hawas,Gefersa Guje,yes,Oromia,Oromia,750.195201,171.441385,-578.753816,-77.1471,1.426173,920.210413,0.00155,30.5229,-1.56,38.599083,8.79564,38.591503,9.07151
ET041711,Shashemene Town,Shashemene town,yes,Oromia,Oromia,10.750927,473.249753,462.498826,4301.9437,10.750927,473.249753,0.022717,6.5571,-106.18,38.601418,7.201816,38.544404,7.185289
ET050307,Degahabur City,Degahabur town,yes,Somali,Somali,7.766675,242.250992,234.484317,3019.1082,7.766675,242.250992,0.03206,1.6119,-77.2,43.565484,8.22254,43.551218,8.225768
ET020303,Gewane,Gewane,no,Afar,Afar,8659.700837,455.714975,-8203.985861,-94.7375,455.714975,8659.700837,0.052625,38.562,-157.31,40.765531,10.487837,40.629798,10.166156
ET050592,Kebridehar City,Kebridehar town,yes,Somali,Somali,11.255067,115.271119,104.016051,924.1709,11.255067,115.271119,0.09764,0.9119,149.57,44.27201,6.739855,44.276188,6.732745
ET050198,Gota-biki,Gota-Biki,yes,Somali,Somali,1052.497156,1134.771135,82.273979,7.817,245.988508,1941.279783,0.126715,18.2987,-160.65,41.233034,9.845638,41.177784,9.68954
ET050898,Kohle/Qoxle,Kohle /Qoxle,yes,Somali,Somali,2592.546368,2821.705019,229.158651,8.8391,755.8394,4658.411987,0.162253,41.965,25.07,42.965718,4.965543,43.126113,5.309271
ET040714,Adama Town,Adama town,yes,Oromia,Oromia,109.608724,645.178476,535.569752,488.6196,109.608724,645.178476,0.169889,3.8016,166.87,39.27159,8.524127,39.279435,8.490653
ET020396,Awash City,Awash town,yes,Afar,Afar,11.778126,69.255597,57.477471,488.0018,11.778126,69.255597,0.170067,2.5046,-97.5,40.169872,8.996878,40.14729,8.99392
ET050699,Aba-korow,Aba-Korow,yes,Somali,Somali,1172.281232,2163.174357,990.893125,84.5269,599.727398,2735.728192,0.21922,26.4013,-27.36,42.801311,6.261299,42.691608,6.473312
ET041290,Guchi,Guchi,no,Oromia,Oromia,1454.370212,2405.777951,951.407739,65.4172,736.016126,3124.132037,0.235591,33.9867,52.32,38.892512,3.758307,39.134701,3.946158
ET020301,Amibara,Amibara,no,Afar,Afar,3469.550395,824.274314,-2645.276081,-76.2426,824.274313,3469.550395,0.237574,36.5267,-147,40.418378,9.500485,40.237336,9.223474
ET050204,Shabeeley,Shabeeley,no,Somali,Somali,490.601432,1621.484028,1130.882597,230.5094,411.782332,1700.303128,0.242182,14.3347,176.24,42.808771,9.262874,42.817327,9.133547
ET041587,Bule Hora Town,Bule Hora town,yes,Oromia,Oromia,12.529234,48.334656,35.805422,285.775,12.529234,48.334656,0.259218,0.6584,-116.41,38.238606,5.645249,38.233283,5.642601
ET010201,Mereb Lehe,Chila,yes,Tigray,Tigray,1232.202215,590.527579,-641.674636,-52.0754,379.480564,1443.249231,0.262935,21.6899,-108.86,38.764415,14.37309,38.574168,14.309642
ET040417,Agaro Town,Agaro town,yes,Oromia,Oromia,8.176467,30.871129,22.694662,277.5607,8.176467,30.871129,0.264858,1.3514,84.81,36.58453,7.855365,36.596733,7.856471
ET040320,Metu Town,Metu town,yes,Oromia,Oromia,16.218055,59.428067,43.210012,266.4315,16.218055,59.428067,0.272902,0.6032,-49.13,35.583397,8.303442,35.579256,8.307011
ET042001,Burayu,Burayu,no,Oromia,Oromia,84.344338,24.903156,-59.441182,-70.4744,23.741996,85.505498,0.277666,4.1107,48.23,38.639654,9.053817,38.667541,9.078577
ET041210,Moyale (Oromia),Moyale (OR),yes,Oromia,Oromia,2677.971532,1722.827867,-955.143665,-35.6667,1005.185725,3395.613674,0.296025,27.2618,-142.39,39.232927,3.880183,39.083177,3.684857
ET051103,Moyale (Somali),Moyale (SM),yes,Somali,Somali,1767.716263,1399.916465,-367.799798,-20.8065,731.716593,2435.916135,0.300387,21.8996,-120.62,39.644927,3.926611,39.475263,3.825708
ET140108,Addis Ketema,Addis Ketema Sub City,yes,Addis Ababa,Addis Ababa,7.413569,21.129302,13.715732,185.0085,6.769272,21.773598,0.310894,2.4786,-72.61,38.727836,9.034816,38.706323,9.041512
ET041905,Abay Chomen,Abay Chomen,no,Oromia,Oromia,847.726727,302.164764,-545.561962,-64.3559,275.089216,874.802275,0.314459,12.7382,-142.45,37.352372,9.72482,37.281649,9.633501
ET010203,Werei Leke,Endaba Tsahma,yes,Tigray,Tigray,1268.559519,405.810035,-862.749483,-68.0102,405.052909,1269.316645,0.319111,2.5722,84.6,39.093371,13.988417,39.117073,13.990602
ET050293,Jigjiga City,Jigjiga town,yes,Somali,Somali,80.411697,250.406609,169.994911,211.4057,80.411697,250.406609,0.321125,0.679,36.21,42.810105,9.363112,42.813757,9.368066
ET040709,Bishoftu Town,Bishoftu town,yes,Oromia,Oromia,177.810915,511.978768,334.167853,187.9344,170.011622,519.778061,0.327085,1.5932,-58.86,38.971251,8.748988,38.958858,8.756437
ET050106,Hadhagala,Hadhagala,no,Somali,Somali,10205.85028,3924.195298,-6281.654983,-61.5496,3569.729616,10560.31596,0.338032,42.9982,105.5,41.788992,10.511863,42.167388,10.407751
ET051006,Dihun,Dihun,no,Somali,Somali,2966.360109,2265.233102,-701.127008,-23.6359,1342.867445,3888.725766,0.345323,19.7845,132.29,42.566713,7.220698,42.699197,7.100303
ET010202,Aheferom,Aheferom,no,Tigray,Tigray,1263.63402,459.774152,-803.859869,-63.6149,445.524606,1277.883565,0.348643,11.2025,168.89,39.128475,14.384977,39.14848,14.285624
ET050290,Goljano,Goljano,no,Somali,Somali,732.601456,687.632706,-44.96875,-6.1382,368.292418,1051.941744,0.350107,22.3608,4.13,42.822645,8.212185,42.83728,8.41384
ET010601,Saharti Samre,Saharti,yes,Tigray,Tigray,1741.308126,627.446262,-1113.861864,-63.967,620.981246,1747.773143,0.355299,18.7675,-1.35,39.17314,13.207976,39.169058,13.377566
ET010107,Sheraro Town,Sheraro town,yes,Tigray,Tigray,26.56893,72.347914,45.778984,172.3027,26.066384,72.850459,0.357807,1.0536,-46.06,37.791308,14.401341,37.784273,14.407949
ET050696,Godey City,Godey town,yes,Somali,Somali,29.089102,78.177432,49.08833,168.7516,29.089102,78.177432,0.372091,1.1944,-38.75,43.562443,5.942486,43.555691,5.950908
ET010309,Wukro Town,Wukro town,yes,Tigray,Tigray,8.033305,20.397876,12.364571,153.9164,7.77381,20.657371,0.376321,1.1687,-123.17,39.600028,13.786803,39.590981,13.781024
ET041797,Wondo,Wondo,no,Oromia,Oromia,75.30905,39.768124,-35.540926,-47.1934,31.946457,83.130717,0.384292,7.8094,121.82,38.612772,7.11665,38.672833,7.079409
ET010212,Adwa Town,Adwa town,yes,Tigray,Tigray,11.483224,27.304571,15.821347,137.7779,10.965254,27.822542,0.394114,0.9866,-145.45,38.888932,14.173995,38.883749,14.166651
ET051198,Qada Duma,Qada Duma,no,Somali,Somali,1677.100418,2172.27195,495.171532,29.5255,1092.863695,2756.508672,0.396467,23.5005,46.12,39.478261,3.604569,39.630756,3.751861
ET020203,Aba 'Ala,Abaala,yes,Afar,Afar,1152.062621,458.143977,-693.918644,-60.2327,458.143977,1152.062621,0.397673,16.1237,169.1,39.862177,13.367414,39.890309,13.224303
ET010306,Kelete Awelallo,Kilte Awulaelo,yes,Tigray,Tigray,967.035195,494.161618,-472.873576,-48.8993,419.519784,1041.677029,0.402735,8.8369,2.19,39.528473,13.757464,39.531595,13.837278
ET010404,Alage,Emba Alaje,yes,Tigray,Tigray,792.182639,344.102564,-448.080075,-56.5627,327.461235,808.823968,0.404861,9.1029,100.77,39.422725,12.949251,39.505136,12.933868
ET010604,Dega Temben,Degua Temben,yes,Tigray,Tigray,1040.638506,437.128887,-603.509619,-57.9942,427.780973,1049.986419,0.407416,6.548,-85.28,39.230552,13.627054,39.170242,13.63192
ET040703,Adama,Adama,no,Oromia,Oromia,821.98079,368.196558,-453.784232,-55.2062,345.174521,845.002827,0.408489,4.0872,-106.54,39.257883,8.46751,39.222302,8.456988
ET140105,Lideta,Lideta Sub City,yes,Addis Ababa,Addis Ababa,9.18232,15.020712,5.838392,63.583,7.034686,17.168346,0.409747,1.1983,-176.72,38.732089,9.013264,38.731465,9.002448
ET051104,Hudet,Hudet,no,Somali,Somali,3067.807618,1259.240423,-1808.567195,-58.9531,1259.095984,3067.952057,0.410403,17.7963,-122.01,39.867231,4.463431,39.731274,4.378115
ET050597,Higloley,Higloley,no,Somali,Somali,1536.226206,2605.568505,1069.342299,69.6084,1208.476928,2933.317783,0.411983,14.5501,134.88,44.478989,5.828218,44.572072,5.735374
ET050596,Lasdhankayre,Lasdhankayre,no,Somali,Somali,1124.872962,1551.818664,426.945702,37.955,782.702683,1893.988943,0.413256,16.7684,123.92,43.771612,6.654893,43.897423,6.570253
ET050399,Dig,Dig,no,Somali,Somali,670.680377,1622.238578,951.558201,141.8795,670.680377,1622.238578,0.413429,7.211,167.79,44.482781,7.750241,44.496604,7.686513
ET050586,Marsin,Marsin,no,Somali,Somali,1900.884563,3344.999674,1444.115111,75.9707,1571.890033,3673.994203,0.427842,20.3079,-156.37,44.729218,7.532456,44.655484,7.364222
ET050599,Bodaley,Bodaley,no,Somali,Somali,1725.6967,3237.064262,1511.367562,87.5801,1490.3336,3472.427362,0.429191,17.13,136.83,43.822045,7.136195,43.92812,7.023218
ET010603,Hintalo Wajirat,Hintalo,yes,Tigray,Tigray,1981.147208,935.777781,-1045.369427,-52.7659,878.183221,2038.741767,0.430748,11.6472,-66.78,39.584222,13.141008,39.485485,13.182501
ET010208,Kola Temben,Kola Tembien,yes,Tigray,Tigray,1366.912575,718.018066,-648.894509,-47.4715,637.534,1447.396641,0.440469,17.0671,-115.93,38.915462,13.708679,38.773602,13.641186
ET050899,God-god,God-God,yes,Somali,Somali,2341.246102,1592.370458,-748.875644,-31.9862,1210.483494,2723.133066,0.444519,25.8876,45.87,43.074131,4.695516,43.241652,4.858494
ET050807,Barey,Barey,no,Somali,Somali,3722.284614,6145.655717,2423.371103,65.1044,3044.077452,6823.862879,0.446093,24.1028,50.45,42.531466,4.562996,42.698985,4.701756
ET040515,Ambo Town,Ambo town,yes,Oromia,Oromia,40.193692,87.379697,47.186005,117.3965,39.615562,87.957827,0.450393,0.8642,73.42,37.853457,8.976595,37.860989,8.978824
ET050105,Afdem,Afdem,no,Somali,Somali,1972.479574,1467.724505,-504.755068,-25.5899,1071.851694,2368.352385,0.452573,11.668,-34.45,41.060071,9.681649,40.999909,9.768633
ET051095,Horshagah,Horshagah,no,Somali,Somali,1174.831096,2227.296859,1052.465764,89.5844,1079.280093,2322.847863,0.464637,11.6976,-133.73,43.536815,7.072737,43.460318,6.999612
ET010303,Saesie Tsaedamba,Sebuha Saesie,yes,Tigray,Tigray,1050.931519,606.29851,-444.63301,-42.3085,526.96815,1130.261879,0.466235,11.59,3.44,39.62159,14.161767,39.628033,14.266332
ET010108,Shire,Shire Endaslasie town,yes,Tigray,Tigray,6.961398,14.630753,7.669355,110.1698,6.93578,14.656371,0.473226,0.4687,73.79,38.281966,14.101973,38.286135,14.103155
ET070201,Misha,Misha,no,SNNP,Central Ethiopia,363.104185,175.045805,-188.05838,-51.7919,175.045805,363.104185,0.482081,10.1698,150.4,37.766985,7.755835,37.812515,7.675877
ET041006,Haro Maya,Haro Maya,no,Oromia,Oromia,509.150887,247.14014,-262.010747,-51.4603,247.14014,509.150887,0.485397,8.3741,-168.63,41.988283,9.345071,41.97326,9.270843
ET140104,Bole,Bole Sub City,yes,Addis Ababa,Addis Ababa,126.730344,65.604193,-61.126152,-48.2332,63.152895,129.181642,0.488869,3.3383,-101.18,38.839066,8.980277,38.809285,8.974422
ET031120,Tach Armacho,Tach Armacho,no,Amhara,Amhara,2709.645691,1342.411125,-1367.234566,-50.4581,1342.411125,2709.645691,0.495419,16.7971,84.45,37.084275,13.038076,37.238415,13.052718
ET072003,Lanfero,Lanfero,no,SNNP,Central Ethiopia,461.561036,229.527033,-232.034003,-50.2716,229.527033,461.561036,0.497284,8.1825,26.07,38.389949,7.780548,38.42256,7.847003
ET010103,Medebay Zana,Zana,yes,Tigray,Tigray,1041.961312,571.10554,-470.855772,-45.1894,545.816883,1067.24997,0.511424,16.0969,-176.54,38.447076,14.014663,38.438099,13.869437
ET041311,Woliso Town,Woliso town,yes,Oromia,Oromia,12.933976,25.260349,12.326373,95.3023,12.933976,25.260349,0.512027,0.1351,83.68,37.976665,8.541755,37.977885,8.54189
ET050504,Debeweyin,Debeweyin,no,Somali,Somali,2012.577034,2231.781052,219.204018,10.8917,1437.668515,2806.689572,0.512229,2.9387,-175.84,44.391472,6.097799,44.389547,6.071295
ET010307,Atsbi Wenberta,Atsbi,yes,Tigray,Tigray,1149.151551,603.528735,-545.622817,-47.4805,597.950806,1154.72948,0.517828,11.3663,-6.7,39.761788,13.819428,39.749519,13.92146
ET020403,Teru,Teru,no,Afar,Afar,5793.834685,3015.221055,-2778.613629,-47.9581,3015.221055,5793.834685,0.520419,20.1458,-120.51,40.451185,12.572221,40.291515,12.479731
ET041712,Shashemene Zuria,Shashemene,yes,Oromia,Oromia,702.413543,379.936775,-322.476768,-45.9098,371.419969,710.930349,0.522442,1.6929,53.84,38.596792,7.210448,38.609167,7.21948
ET010207,Naeder Adet,Adet,yes,Tigray,Tigray,938.986527,644.664362,-294.322165,-31.3447,543.762283,1039.888605,0.522904,7.4631,-102.05,38.687322,13.846028,38.619813,13.831931
ET010105,Asgede Tsimbila,Asgede,yes,Tigray,Tigray,2368.154595,1605.738072,-762.416523,-32.1945,1370.349052,2603.543615,0.52634,13.0859,-45.68,37.995156,13.960184,37.908482,14.042806
ET050808,Dolobay,Dolobay,no,Somali,Somali,2311.803828,4006.543336,1694.739507,73.3081,2203.041776,4115.305388,0.535329,3.797,-33.49,42.11748,4.459781,42.098601,4.488417
ET051002,Elwayne,Elwayne,no,Somali,Somali,3755.778653,2150.195107,-1605.583546,-42.7497,2061.486203,3844.487556,0.536219,4.8913,58.79,43.018426,6.538636,43.056252,6.561553
ET010409,Maychew Town,Maichew town,yes,Tigray,Tigray,8.717767,16.208212,7.490445,85.9216,8.717767,16.208212,0.537861,0.2846,-27.67,39.543492,12.78283,39.542275,12.785108
ET010206,Tahtay Mayechew,Tahtay Maychew,yes,Tigray,Tigray,589.631031,333.037757,-256.593274,-43.5176,324.401384,598.267404,0.542235,2.793,-130.98,38.589245,14.09035,38.56972,14.073796
ET050608,Berocano,Berocano,no,Somali,Somali,1476.640522,2571.759866,1095.119344,74.1629,1427.464648,2620.935741,0.544639,11.4914,-54.04,43.281212,6.120789,43.197171,6.181803
ET020105,Mile,Mile,no,Afar,Afar,4067.774878,2221.20702,-1846.567858,-45.395,2220.884633,4068.097266,0.545927,22.6901,-49.14,40.887215,11.357729,40.729929,11.491885
ET010406,Raya Azebo,Raya Azebo,no,Tigray,Tigray,1739.794364,1017.189005,-722.60536,-41.534,978.169318,1778.814051,0.5499,12.7716,-4.17,39.7472,12.664444,39.738642,12.779584
ET070303,Kediada Gambela,Kediada Gambela,no,SNNP,Central Ethiopia,176.504243,97.302835,-79.201408,-44.8722,97.302835,176.504243,0.551278,4.6239,-86.35,37.943834,7.250841,37.90205,7.253503
ET051003,Garbo,Garbo,no,Somali,Somali,4539.053764,3467.588837,-1071.464927,-23.6055,2864.481757,5142.160844,0.557058,11.4545,21.32,43.167794,7.221032,43.205502,7.31752
ET040193,Gimbi Town,Gimbi town,yes,Oromia,Oromia,30.025927,49.426034,19.400107,64.6112,28.498809,50.953153,0.559314,0.9579,110.86,35.822317,9.177261,35.830462,9.174177
ET050301,Degehamedo,Degehamedo,no,Somali,Somali,4734.16783,3524.777979,-1209.389851,-25.546,2968.041785,5290.904025,0.560971,13.2736,-178.8,43.034236,8.177986,43.031718,8.057994
ET010304,Ganta Afeshum,Ganta Afeshum,no,Tigray,Tigray,524.912278,465.288039,-59.624238,-11.3589,360.525863,629.674454,0.572559,5.1831,83.04,39.384209,14.23746,39.431883,14.24313
ET050903,Goro Baqaqsa,Goro Baqaqsa,no,Somali,Somali,4589.799326,4633.619036,43.81971,0.9547,3362.584082,5860.83428,0.573738,15.9697,17.23,41.28079,6.023154,41.323536,6.161078
ET010602,Enderta,Enderta,no,Tigray,Tigray,1328.486653,1608.745266,280.258613,21.0961,1075.186185,1862.045733,0.577422,6.2597,-79.79,39.554205,13.446348,39.497313,13.456375
ET020103,Asayita,Asayita,no,Afar,Afar,1677.244492,1068.32043,-608.924061,-36.305,1006.242107,1739.322815,0.578525,7.3492,-25.37,41.473144,11.554682,41.444268,11.614709
ET050904,Guradamole,Guradamole,no,Somali,Somali,2466.529382,2827.034252,360.504871,14.6159,1940.290105,3353.273529,0.578626,17.2979,177.84,41.007729,6.2469,41.013608,6.090592
ET050202,Gursum (Somali),Gursum (SM),yes,Somali,Somali,326.762566,200.537038,-126.225528,-38.6291,194.730889,332.568715,0.585536,3.425,-166.5,42.641154,9.231915,42.63388,9.201803
ET040297,Nekemte Town,Nekemte town,yes,Oromia,Oromia,58.256114,81.900283,23.644169,40.5866,52.009595,88.146802,0.590034,1.736,67.36,36.530012,9.069855,36.544585,9.075897
ET051005,Sagag,Sagag,no,Somali,Somali,2493.048681,2550.76039,57.711709,2.3149,1881.023984,3162.785087,0.594737,12.567,55.27,42.814903,7.567472,42.908505,7.6322
ET010104,Tahtay Koraro,Tahtay Koraro,no,Tigray,Tigray,668.378264,822.569744,154.19148,23.0695,560.084436,930.863572,0.601683,9.1648,28.22,38.289893,14.097266,38.330034,14.170252
ET050805,West Imi,West Imi,no,Somali,Somali,3060.952409,3932.388848,871.436439,28.4695,2635.2734,4358.067858,0.604688,5.3909,160.24,42.269506,6.286125,42.285971,6.240246
ET041411,Ana Sora,Ana Sora,no,Oromia,Oromia,761.499346,466.831726,-294.66762,-38.6957,466.831726,761.499346,0.613043,6.413,0.32,38.782422,6.178549,38.78275,6.236538
ET070111,Enemorina Eaner,Enemor Ener,yes,SNNP,Central Ethiopia,908.586023,574.3211,-334.264922,-36.7896,574.3211,908.586023,0.632104,4.9278,-1.19,37.754282,8.00307,37.753353,8.047618
ET050395,Ararso,Ararso,no,Somali,Somali,1269.510063,972.962631,-296.547433,-23.3592,872.604089,1369.868605,0.636998,5.3696,69.89,43.333184,8.684519,43.379004,8.701206
ET140107,Yeka,Yeka Sub City,yes,Addis Ababa,Addis Ababa,85.404917,58.353546,-27.051371,-31.6743,56.23008,87.528382,0.642421,2.0515,-92.72,38.828231,9.049781,38.809593,9.048899
ET041904,Ababo,Ababo,no,Oromia,Oromia,954.433323,616.340929,-338.092394,-35.4234,616.340929,954.433324,0.645766,4.4385,135.7,37.520975,9.808576,37.54923,9.779854
ET050298,Haroreys,Haroreys,no,Somali,Somali,1080.882433,830.932095,-249.950338,-23.1247,750.238478,1161.57605,0.64588,4.6808,63.2,42.99307,9.353069,43.031108,9.372146
ET040706,Ada'a,Ada'a,no,Oromia,Oromia,759.416828,507.31032,-252.106508,-33.1974,498.121632,768.605515,0.648085,2.2159,86,39.016443,8.757486,39.036533,8.758885
ET050107,Miesso,Miesso,no,Somali,Somali,863.589692,561.508784,-302.080909,-34.9797,561.508778,863.589698,0.650203,5.9286,124.06,40.858928,9.49619,40.903654,9.466166
ET050104,Erer (Somali),Erer (SM),yes,Somali,Somali,3055.460627,4134.525855,1079.065227,35.316,2843.391856,4346.594626,0.654165,0.2985,-101.57,41.416362,9.903714,41.413696,9.903173
ET050305,Gunagado,Gunagado,no,Somali,Somali,2664.32808,2436.748887,-227.579193,-8.5417,2018.859703,3082.217264,0.655002,4.8925,-50.12,44.179857,7.625038,44.14583,7.653402
ET072002,Silti,Siltie,yes,SNNP,Central Ethiopia,499.477697,337.111767,-162.36593,-32.5071,337.111767,499.477697,0.674929,2.7858,-80.08,38.341386,7.971099,38.316495,7.975436
ET010405,Endamehoni,Endamehoni,no,Tigray,Tigray,642.017368,452.564399,-189.452969,-29.509,441.931915,652.649853,0.677135,3.8318,94.32,39.453901,12.75854,39.489088,12.755925
ET140103,Kolfe - Keran,Kolfe Keraniyo Sub City,yes,Addis Ababa,Addis Ababa,68.487954,51.120913,-17.367041,-25.3578,48.341831,71.267037,0.67832,1.8386,-170.64,38.687926,9.009606,38.685207,8.993204
ET070206,Soro,Soro,no,SNNP,Central Ethiopia,731.062213,499.340197,-231.722015,-31.6966,499.340197,731.062213,0.683034,5.1242,56.43,37.550585,7.438159,37.589264,7.463778
ET050804,Elkare/Serer,Elkare /Serer,yes,Somali,Somali,8418.26864,6714.404832,-1703.863809,-20.2401,6154.813599,8977.859873,0.685555,6.5742,167.51,42.066272,6.009132,42.079108,5.95109
ET050603,Danan,Danan,no,Somali,Somali,2911.466782,2152.736105,-758.730677,-26.0601,2067.202924,2996.999963,0.689757,6.4484,147.91,43.454589,6.630253,43.485564,6.580849
ET010205,Laelay Maychew,Laelay Maychew,no,Tigray,Tigray,535.739348,473.173707,-62.565642,-11.6784,412.854108,596.058947,0.69264,3.2955,-64.81,38.761568,14.099241,38.733952,14.111917
ET050806,Hargele,Hargele,no,Somali,Somali,10724.07096,8413.007892,-2311.063072,-21.5502,7866.369947,11270.70891,0.697948,9.9445,-83.29,42.55306,5.299767,42.463958,5.310266
ET060301,Menge,Menge,no,Benishangul Gumz,Benishangul-Gumuz,1541.13344,1078.966503,-462.166937,-29.9888,1078.966503,1541.13344,0.700112,6.4014,-22.61,34.864914,10.340056,34.842444,10.393483
ET020104,Afambo,Afambo,no,Afar,Afar,1709.909426,2037.355179,327.445753,19.1499,1549.706795,2197.557809,0.705195,5.7068,-145.57,41.684425,11.300753,41.654878,11.258196
ET050303,Aware,Aware,no,Somali,Somali,3115.898458,2587.199133,-528.699325,-16.9678,2363.68631,3339.411281,0.707815,2.7841,52.7,44.14617,8.05577,44.166262,8.071025
ET060303,Assosa,Abrahmo,yes,Benishangul Gumz,Benishangul-Gumuz,2920.801233,2069.752967,-851.048266,-29.1375,2069.752967,2920.801233,0.708625,9.78,-129.54,34.469566,9.987702,34.400792,9.931402
ET010308,Adigrat Town,Adigrat town,yes,Tigray,Tigray,14.821459,19.325886,4.504427,30.3913,14.331431,19.815913,0.723228,0.1424,29.52,39.465067,14.273751,39.465718,14.274871
ET050394,Burqod,Burqod,no,Somali,Somali,2629.770168,2627.638854,-2.131314,-0.081,2209.134682,3048.27434,0.724716,5.9715,-36.66,43.648817,7.566335,43.616508,7.609649
ET030802,Sekota,Sekota,no,Amhara,Amhara,1693.62679,1249.631981,-443.994808,-26.2156,1249.631981,1693.62679,0.737844,5.8986,-130.94,39.057552,12.671586,39.016541,12.636642
ET010211,Abi Adi Town,Abiy Adi town,yes,Tigray,Tigray,24.057449,19.71368,-4.343769,-18.0558,18.720523,25.050607,0.747308,0.3983,-174.58,38.993843,13.636916,38.993495,13.633333
ET010210,Tanqua Abergele,Abergele (TG),yes,Tigray,Tigray,1445.808649,1126.833154,-318.975495,-22.0621,1100.789167,1471.852636,0.747894,4.5503,-172.28,38.891848,13.404748,38.886203,13.363992
ET050802,Charati/Weyib,Charati,yes,Somali,Somali,9046.009367,8480.232554,-565.776813,-6.2544,7506.932462,10019.30946,0.749246,8.1581,-10.44,41.690903,5.225587,41.677562,5.298139
ET041908,Jarte Jardega,Jarte Jardega,no,Oromia,Oromia,1025.392758,768.905397,-256.487361,-25.0136,768.905397,1025.392758,0.749864,3.7756,-85.99,37.146919,9.901236,37.112577,9.903623
ET010101,Tahtay Adiyabo,Tahtay Adiyabo,no,Tigray,Tigray,3849.340268,2909.334315,-940.005953,-24.4199,2898.046424,3860.628159,0.750667,8.4965,-114.85,37.79029,14.428676,37.718802,14.396392
ET050788,Daratole,Daratole,no,Somali,Somali,993.962155,1171.682285,177.720129,17.88,929.377558,1236.266882,0.751761,4.5545,-2.01,45.351968,7.243669,45.350523,7.284827
ET051187,Mubarek,Mubarek,no,Somali,Somali,5739.154767,7424.41385,1685.259083,29.3642,5654.326787,7509.24183,0.752982,9.3225,-55.58,40.286682,4.346262,40.217398,4.393915
ET050103,Shinile,Shinile,no,Somali,Somali,3695.663211,3577.040945,-118.622266,-3.2098,3199.342508,4073.361648,0.785431,5.848,76.08,41.830379,9.921801,41.88214,9.93452
ET010213,Axum Town,Axum town,yes,Tigray,Tigray,17.195788,18.132821,0.937033,5.4492,15.585929,19.74268,0.789454,0.3043,167.33,38.726766,14.124427,38.727384,14.121744
ET041015,Chinaksen,Chinaksen,no,Oromia,Oromia,1558.514664,1243.600805,-314.913859,-20.206,1243.600735,1558.514734,0.79794,5.8581,-91.79,42.623615,9.600771,42.570274,9.599108
ET140110,Gulele,Gulele Sub City,yes,Addis Ababa,Addis Ababa,30.514606,37.130676,6.61607,21.6816,30.180616,37.464666,0.805575,0.5496,-94.23,38.744152,9.071057,38.739166,9.07069
ET050501,Shekosh,Shaygosh,yes,Somali,Somali,1441.14448,1731.616896,290.472415,20.1557,1421.637022,1751.124354,0.811842,1.4975,-65.23,44.066266,7.358155,44.05395,7.363827
ET031110,Gonder Zuria,Gonder Zuria,no,Amhara,Amhara,1108.767556,1361.570174,252.802618,22.8003,1107.560241,1362.777488,0.812723,4.6604,-159.67,37.591085,12.384926,37.576196,12.345422
ET050703,Galadi,Galadi,no,Somali,Somali,12552.41906,10304.11154,-2248.307518,-17.9113,10261.77162,12594.75897,0.814765,12.0298,30.89,46.235025,6.900981,46.290922,6.994324
ET140109,Arada,Arada Sub City,yes,Addis Ababa,Addis Ababa,9.921982,9.93532,0.013339,0.1344,8.929709,10.927593,0.817171,0.1671,-144.24,38.756837,9.036551,38.755949,9.035325
ET050901,Filtu,Filtu,no,Somali,Somali,10840.87919,11947.39837,1106.519175,10.2069,10254.69191,12533.58565,0.818177,7.8529,152.03,40.868202,5.091994,40.901412,5.029273
ET010301,Gulo Mekeda,Gulo Mekeda,no,Tigray,Tigray,596.00741,506.081525,-89.925885,-15.088,496.775899,605.313036,0.820693,1.3375,-60.79,39.410526,14.40819,39.3997,14.414089
ET010305,Hawzen,Hawzen,no,Tigray,Tigray,870.400924,758.787874,-111.61305,-12.8232,737.542453,891.646346,0.827169,0.9785,-7.14,39.385638,13.967852,39.384512,13.976628
ET030203,Fogera,Fogera,no,Amhara,Amhara,1105.974613,1335.343593,229.36898,20.7391,1105.974613,1335.343593,0.828232,5.7805,-71.29,37.770176,11.887571,37.71992,11.904331
ET050701,Danod,Danod,no,Somali,Somali,8065.426429,7258.053651,-807.372778,-10.0103,6944.647161,8378.832918,0.828832,3.3647,68.53,45.659119,7.700275,45.687502,7.711408
ET050283,Tuliguled,Tuliguled,no,Somali,Somali,389.780953,428.260491,38.479539,9.8721,371.145185,446.89626,0.830495,1.7564,77.96,42.749673,9.463881,42.765316,9.467193
ET140102,Nefas Silk,Nifas Silk Lafto Sub City,yes,Addis Ababa,Addis Ababa,60.42607,51.30829,-9.11778,-15.0891,50.732051,61.002309,0.831641,0.6303,179.6,38.730533,8.953146,38.730573,8.947447
ET050606,Mustahil,Mustahil,no,Somali,Somali,3266.475678,2955.923139,-310.552539,-9.5073,2840.913423,3381.485394,0.840138,4.7326,-172.99,44.65602,5.240346,44.650812,5.19787
ET040708,Adama Tulu Jido Kombolcha,Adama Tulu Jido Kombolcha,no,Oromia,Oromia,1527.982153,1300.269294,-227.712859,-14.9028,1300.269284,1527.982162,0.850972,1.663,-151.18,38.667308,7.821025,38.660039,7.807852
ET072005,Dalocha,Dalocha,no,SNNP,Central Ethiopia,351.365831,301.277293,-50.088539,-14.2554,300.584295,352.058829,0.85379,1.327,142.26,38.273126,7.774299,38.28049,7.764811
ET050605,Kelafo,Kelafo,no,Somali,Somali,6042.266321,5635.01877,-407.247551,-6.74,5395.27884,6282.006252,0.858846,3.8523,-125.52,44.17986,5.382603,44.15157,5.362365
ET050101,Ayisha,Ayisha,no,Somali,Somali,5880.263011,5374.306819,-505.956192,-8.6043,5202.525018,6052.044813,0.859631,3.7957,95.95,42.470862,10.692579,42.505371,10.689018
ET040617,Aleltu,Aleltu,no,Oromia,Oromia,492.580835,424.954248,-67.626588,-13.729,424.954246,492.580837,0.86271,1.434,63.2,39.118889,9.207477,39.130536,9.213323
ET050207,Harshin,Harshin,no,Somali,Somali,4518.088336,4533.822369,15.734034,0.3482,4193.379609,4858.531096,0.863096,2.27,-16.9,43.778115,8.885315,43.772116,8.904953
ET050102,Dembel,Dembel,no,Somali,Somali,2863.469787,2697.93569,-165.534097,-5.7809,2585.459376,2975.946102,0.868786,1.6813,-133.19,42.506917,9.926715,42.495739,9.916312
ET010204,Adwa,Adwa,no,Tigray,Tigray,652.669542,658.322999,5.653457,0.8662,609.638794,701.353747,0.869232,0.9901,142.02,38.926605,14.182373,38.93225,14.17532
ET050407,Lagahida,Lagahida,no,Somali,Somali,541.056771,562.988109,21.931338,4.0534,514.906357,589.138523,0.873999,1.4993,137.65,42.028044,7.437662,42.037194,7.427643
ET050392,Daror,Daror,no,Somali,Somali,6872.762874,7131.110253,258.347379,3.759,6536.807425,7467.065701,0.875418,0.2172,172.05,44.474462,8.431154,44.474734,8.429209
ET050503,Shilabo,Shilabo,no,Somali,Somali,12355.73105,11448.49638,-907.234668,-7.3426,11146.74075,12657.48667,0.880644,0.9247,57.62,45.21061,5.951262,45.217662,5.95574
ET030209,Dera (Amhara),Dera (AM),yes,Amhara,Amhara,1525.670519,1721.290263,195.619744,12.8219,1522.309656,1724.651125,0.882677,4.2248,-45.34,37.67761,11.613799,37.650051,11.640642
ET040309,Yayu,Yayu,no,Oromia,Oromia,911.93605,807.889347,-104.046703,-11.4094,807.889347,911.93605,0.885906,2.4556,-11.61,35.943923,8.250676,35.939438,8.272425
ET072008,Wilbareg,Wulbareg,yes,SNNP,Central Ethiopia,448.00009,397.995286,-50.004804,-11.1618,397.995286,448.00009,0.888382,1.9059,-163.84,38.132653,7.750156,38.127843,7.733604
ET140106,Kirkos,Kirkos Sub City,yes,Addis Ababa,Addis Ababa,14.632915,14.770971,0.138056,0.9435,13.834125,15.56976,0.888525,0.1473,-163.92,38.759736,9.001317,38.759365,9.000037
ET050991,Deka suftu,Deka Suftu,yes,Somali,Somali,3666.312268,4092.209528,425.89726,11.6165,3660.924034,4097.597762,0.893432,3.3543,102.69,40.08682,5.05323,40.116329,5.046565
ET031121,Takusa,Takusa,no,Amhara,Amhara,1947.668871,2178.041492,230.372621,11.8281,1947.668871,2178.041492,0.894229,3.9546,111.49,36.771451,12.235436,36.805267,12.222337
ET040412,Sigmo,Sigmo,no,Oromia,Oromia,890.956603,995.003305,104.046702,11.6781,890.956603,995.003305,0.895431,2.1121,-14.29,36.023974,7.904813,36.019245,7.923319
ET050602,Adadle,Adadle,no,Somali,Somali,9040.704857,8669.17923,-371.525627,-4.1095,8383.657926,9326.226162,0.898934,2.237,142.69,43.467433,5.507488,43.47967,5.491399
ET030516,Hagere Mariam,Hagere Mariam,no,Amhara,Amhara,714.943981,646.917999,-68.025982,-9.5149,646.917996,714.943984,0.904851,1.9046,107.06,39.380338,9.193603,39.396905,9.18855
ET010302,Erob,Erob,no,Tigray,Tigray,979.616214,919.024918,-60.591296,-6.1852,902.097905,996.543228,0.905227,1.3523,-26.44,39.682773,14.480212,39.677187,14.491156
ET050408,Meyumuluka,Meyumuluka,no,Somali,Somali,1039.3266,978.067797,-61.258803,-5.8941,960.612908,1056.78149,0.908999,1.004,-7.7,42.061201,8.256004,42.05998,8.264999
ET040805,Dodota,Dodota,no,Oromia,Oromia,516.772388,503.687035,-13.085353,-2.5321,486.747092,533.712331,0.912003,1.0736,-88.44,39.252322,8.292285,39.24258,8.29255
ET050497,Qubi,Qubi,no,Somali,Somali,536.556595,562.961916,26.405321,4.9213,526.787745,572.730766,0.919783,0.3675,84.24,41.966563,7.721185,41.969878,7.721519
ET050304,Gashamo,Gashamo,no,Somali,Somali,11533.55278,11535.95586,2.40308,0.0208,11053.34257,12016.16606,0.919873,4.4942,79.61,45.27842,8.144437,45.318533,8.151761
ET050607,Ferfer,Ferfer,no,Somali,Somali,2089.921812,2195.980692,106.058881,5.0748,2058.932421,2226.970083,0.924544,1.8236,12.78,45.031528,5.1997,45.035169,5.215782
ET031115,Alfa,Alefa,yes,Amhara,Amhara,1960.277365,2112.926025,152.64866,7.7871,1957.476193,2115.727197,0.925203,2.6333,82.31,36.741589,11.936121,36.765547,11.939307
ET041702,Shala,Shala,no,Oromia,Oromia,829.058926,769.899991,-59.158935,-7.1357,769.89999,829.058926,0.928643,1.4596,2.47,38.397917,7.338094,38.398486,7.35128
ET041008,Kersa (East Hararge),Kersa (East Hararge),no,Oromia,Oromia,477.541562,446.514329,-31.027233,-6.4973,446.514321,477.54157,0.935027,0.9208,-115.9,41.807265,9.384298,41.799724,9.380661
ET040310,Metu Zuria,Metu Zuria,no,Oromia,Oromia,750.414527,707.204516,-43.210012,-5.7582,707.204516,750.414527,0.942418,1.1163,-74.07,35.418184,8.35369,35.408439,8.35646
ET020302,Awash Fentale,Awash Fantale,yes,Afar,Afar,1014.90795,957.43043,-57.47752,-5.6633,957.430421,1014.907959,0.943367,1.0356,-48.26,40.025535,9.097194,40.018506,9.103428
ET040503,Ambo Zuria,Ambo Zuria,no,Oromia,Oromia,935.596183,888.410178,-47.186005,-5.0434,887.832048,936.174313,0.948362,0.3626,-9.3,37.857368,9.041646,37.856835,9.044882
ET040103,Gimbi,Gimbi,no,Oromia,Oromia,899.800922,902.500869,2.699946,0.3001,878.873697,923.428095,0.951751,0.7695,115.28,35.898971,9.158789,35.905301,9.155818
ET020102,Elidar,Elidar,no,Afar,Afar,10900.28498,11440.44557,540.160587,4.9555,10900.28498,11440.44557,0.952785,2.7854,-148.57,41.755252,12.307937,41.741902,12.286451
ET041623,Chwaka,Chwaka,no,Oromia,Oromia,623.597931,606.723908,-16.874023,-2.7059,601.478792,628.843047,0.956485,0.5677,162.36,36.132496,8.896589,36.134061,8.891698
ET040710,Bora,Bora (OR),yes,Oromia,Oromia,494.453073,475.297184,-19.15589,-3.8742,475.297184,494.453073,0.961258,0.6316,-111.32,38.930138,8.316524,38.924797,8.314448
ET041001,Kombolcha,Kombolcha,no,Oromia,Oromia,299.720332,311.577166,11.856834,3.956,299.720332,311.577166,0.961946,0.4376,1.52,42.153258,9.468217,42.153364,9.472172
ET041501,Bule Hora,Bule Hora,no,Oromia,Oromia,967.761139,931.955717,-35.805422,-3.6998,931.955717,967.761139,0.963002,0.3471,85.12,38.312666,5.648619,38.315787,5.648885
ET030305,Wadla,Wadla,no,Amhara,Amhara,855.96612,826.580176,-29.385944,-3.4331,826.580176,855.96612,0.965669,0.3927,94.12,39.013635,11.661305,39.017227,11.66105
ET040213,Guto Gida,Guto Gida,no,Oromia,Oromia,941.67391,923.563895,-18.110015,-1.9232,917.20953,948.028275,0.967492,0.3832,6.44,36.594987,9.274769,36.595378,9.278212
ET041704,Kofele,Kofele,no,Oromia,Oromia,670.770542,649.440479,-21.330063,-3.1799,649.440479,670.770542,0.968201,0.2759,135.23,38.840023,7.019454,38.841782,7.017683
ET041906,Jimma Genete,Jimma Genete,no,Oromia,Oromia,423.480482,410.719743,-12.760739,-3.0133,410.719743,423.480482,0.969867,0.2114,-137.91,37.143288,9.389495,37.141998,9.388077
ET040610,Kimbibit,Kimbibit,no,Oromia,Oromia,634.414952,616.229298,-18.185654,-2.8665,616.22929,634.414959,0.971335,0.3059,-21.49,39.230484,9.399847,39.229464,9.402421
ET140101,Akaki - Kalit,Akaki Kality Sub City,yes,Addis Ababa,Addis Ababa,126.911692,125.924493,-0.987199,-0.7779,124.636665,128.19952,0.972209,0.0845,-119.44,38.804636,8.897209,38.803966,8.896834
ET040407,Goma,Goma,no,Oromia,Oromia,863.806291,841.112281,-22.69401,-2.6272,841.111611,863.806961,0.973726,0.081,-33.7,36.586027,7.879453,36.58562,7.880062
ET040818,Limu Bilbilo,Limu Bilbilo,no,Oromia,Oromia,1180.765999,1150.459061,-30.306937,-2.5667,1150.459061,1180.765999,0.974333,0.2979,166.74,39.271532,7.429343,39.272151,7.426721
ET040604,Kuyu,Kuyu,no,Oromia,Oromia,947.278893,923.915595,-23.363298,-2.4664,923.915595,947.278893,0.975336,0.3864,-128.12,38.305133,9.74855,38.302362,9.746393
ET040210,Diga,Diga,no,Oromia,Oromia,564.309507,578.253324,13.943818,2.471,564.201661,578.36117,0.975518,0.3542,-124.22,36.320753,9.050674,36.318089,9.048873
ET040702,Boset,Boset,no,Oromia,Oromia,1332.082515,1300.856586,-31.225929,-2.3441,1300.856585,1332.082516,0.976559,0.5159,60.87,39.540881,8.639812,39.544976,8.642082
ET060403,Kamashi,Kamashi,no,Benishangul Gumz,Benishangul-Gumuz,1512.461066,1484.523114,-27.937952,-1.8472,1484.523114,1512.461066,0.981528,0.1354,127.11,35.909819,9.478,35.910802,9.477261
ET041002,Jarso (East Hararghe),Jarso (East Hararge),yes,Oromia,Oromia,576.903572,566.759562,-10.14401,-1.7584,566.759561,576.903573,0.982416,0.26,113.3,42.288471,9.555087,42.290646,9.554157
ET041303,Waliso,Waliso,no,Oromia,Oromia,740.448948,728.122574,-12.326373,-1.6647,728.122574,740.448948,0.983353,0.1132,84.23,38.039592,8.548106,38.040615,8.548209
ET040206,Wayu Tuka,Wayu Tuka,no,Oromia,Oromia,403.922599,397.579632,-6.342967,-1.5703,397.563712,403.938518,0.984218,0.1284,120.68,36.684367,9.026304,36.685372,9.025711
ET030604,Enebse Sarmder,Enebse Sarmder,no,Amhara,Amhara,1075.909548,1061.967663,-13.941886,-1.2958,1061.967663,1075.909548,0.987042,0.1765,91.52,38.392595,10.866137,38.394209,10.866095
ET070110,Cheha,Cheha,no,SNNP,Central Ethiopia,567.141678,559.84016,-7.301517,-1.2874,559.84016,567.141678,0.987126,0.1427,-75.77,37.828126,8.14649,37.826871,8.146807
ET040215,Nunu Kumba,Nunu Kumba,no,Oromia,Oromia,612.268886,604.443544,-7.825342,-1.2781,604.443544,612.268886,0.987219,0.1895,106.84,36.718379,8.713419,36.720027,8.712923
ET072004,Mierab Azenet Berbere,Mierab Azenet Berbere,no,SNNP,Central Ethiopia,151.29991,153.168941,1.869031,1.2353,151.29991,153.168941,0.987798,0.114,-6.34,37.931994,7.766718,37.931879,7.767743
ET030410,Legambo,Legambo,no,Amhara,Amhara,1010.328602,998.036688,-12.291913,-1.2166,998.036688,1010.328602,0.987834,0.056,-136.68,39.162577,10.856613,39.162225,10.856245
ET030907,Guagusa Shikudad,Guagusa Shikudad,no,Amhara,Amhara,295.934534,292.592866,-3.341668,-1.1292,292.592866,295.934534,0.988708,0.035,168.74,37.026063,10.827631,37.026126,10.82732
ET060405,Belojiganfo,Mezniga,yes,Benishangul Gumz,Benishangul-Gumuz,1702.720822,1683.608946,-19.111876,-1.1224,1683.608946,1702.720822,0.988776,0.4893,-1.71,36.200572,9.363044,36.200439,9.367467
ET040214,Jimma Arjo,Jimma Arjo,no,Oromia,Oromia,756.546537,764.371879,7.825342,1.0344,756.546537,764.371879,0.989762,0.0626,52.48,36.54701,8.718056,36.547462,8.718401
ET040817,Munessa,Munessa,no,Oromia,Oromia,1072.371503,1083.334156,10.962653,1.0223,1072.371503,1083.334156,0.989881,0.2204,-154.92,38.983518,7.52676,38.982671,7.524955
ET041302,Wenchi,Wenchi,no,Oromia,Oromia,461.275978,465.644403,4.368425,0.947,461.275978,465.644403,0.990619,0.1311,3.54,37.887981,8.670454,37.888055,8.671637
ET070113,Geta,Geta,no,SNNP,Central Ethiopia,202.103412,200.234399,-1.869013,-0.9248,200.234381,202.10343,0.990752,0.0877,27.15,37.961518,7.926228,37.96188,7.926934
ET040603,Hidabu Abote,Hidabu Abote,no,Oromia,Oromia,503.69224,508.384135,4.691895,0.9315,503.692239,508.384136,0.990771,0.1117,-103.65,38.516733,9.959569,38.515743,9.959331
ET030510,Tarema Ber,Tarema Ber,no,Amhara,Amhara,565.595964,560.646452,-4.949512,-0.8751,560.646451,565.595964,0.991249,0.0585,73.8,39.819541,9.865197,39.820054,9.865344
ET040902,Doba,Doba,no,Oromia,Oromia,616.761699,622.166058,5.404358,0.8762,616.761699,622.166058,0.991314,0.0981,-64.84,41.080497,9.298925,41.079688,9.299302
ET031109,Wegera,Wegera,no,Amhara,Amhara,1238.478314,1230.264305,-8.214009,-0.6632,1230.264305,1238.478314,0.993368,0.0409,73.47,37.67562,12.781692,37.67598,12.781798
ET041115,Gura Damole,Gura Damole,no,Oromia,Oromia,5111.322167,5138.521346,27.199179,0.5321,5108.194455,5141.649057,0.993493,0.2623,168.42,40.5723,6.296526,40.572776,6.294202
ET030705,Sekela,Sekela,no,Amhara,Amhara,769.974906,765.928479,-4.046427,-0.5255,765.928479,769.974906,0.994745,0.1216,8.31,37.208757,10.99975,37.208918,11.000838
ET030406,Delanta,Delanta,no,Amhara,Amhara,1057.77486,1052.345705,-5.429154,-0.5133,1052.345677,1057.774888,0.994867,0.0132,15.35,39.221728,11.614648,39.22176,11.614763
ET030710,Bure (Amhara),Bure (AM),yes,Amhara,Amhara,796.74803,800.794457,4.046428,0.5079,796.74803,800.794457,0.994947,0.1602,26.68,37.048352,10.537806,37.049009,10.539101
ET060204,Mandura,Mandura,no,Benishangul Gumz,Benishangul-Gumuz,1028.037561,1023.990267,-4.047294,-0.3937,1023.99026,1028.037567,0.996063,0.0634,-155.29,36.279586,11.020956,36.279344,11.020435
ET030414,Jama,Jama,no,Amhara,Amhara,1052.747942,1048.922595,-3.825346,-0.3634,1048.922595,1052.747942,0.996366,0.0051,168.68,39.261067,10.407655,39.261076,10.40761
ET030605,Enarj Enawga,Enarj Enawga,no,Amhara,Amhara,933.443301,930.114858,-3.328443,-0.3566,930.114858,933.443301,0.996434,0.0235,58.79,38.217921,10.687221,38.218105,10.687331
ET040511,Ejere (Addis Alem),Ejere /Addis Alem,yes,Oromia,Oromia,581.397248,582.643516,1.246268,0.2144,581.082436,582.958328,0.996782,0.0212,85.49,38.362644,9.068252,38.362837,9.068267
ET060305,Bambasi,Bambasi,no,Benishangul Gumz,Benishangul-Gumuz,1488.265472,1483.557673,-4.707799,-0.3163,1483.557673,1488.265472,0.996837,0.0142,-44.17,34.702258,9.786972,34.702168,9.787065
ET030905,Fagta Lakoma,Fagta Lakoma,no,Amhara,Amhara,653.060345,651.008593,-2.051751,-0.3142,651.008593,653.060345,0.996858,0.0048,70.98,36.897716,11.084843,36.897757,11.084857
ET030609,Michakel,Michakel,no,Amhara,Amhara,736.828779,734.582118,-2.246661,-0.3049,734.582118,736.828779,0.996951,0.0191,-24.19,37.542915,10.492589,37.542843,10.492746
ET030407,Kalu,Kalu,no,Amhara,Amhara,852.046838,849.570964,-2.475874,-0.2906,849.570964,852.046838,0.997094,0.0518,18.68,39.835003,11.073963,39.835155,11.074407
ET030709,Jabi Tehnan,Jabi Tehnan,no,Amhara,Amhara,1200.401086,1197.040391,-3.360695,-0.28,1196.991196,1200.45028,0.997119,0.0312,-74.84,37.276972,10.70179,37.276697,10.701864
ET031004,Artuma Fursi,Artuma Fursi,no,Amhara,Amhara,613.14801,611.550302,-1.597708,-0.2606,611.55029,613.148022,0.997394,0.0221,94.85,40.011137,10.544873,40.011338,10.544857
ET030504,Moretna Jiru,Moretna Jiru,no,Amhara,Amhara,662.449916,660.89177,-1.558147,-0.2352,660.89177,662.449916,0.997648,0.0131,8.76,39.154479,9.942787,39.154498,9.942905
ET030509,Menze Mama Midir,Menze Mama Midir,no,Amhara,Amhara,650.859591,649.463222,-1.396369,-0.2145,649.463222,650.859591,0.997855,0.0044,-132.72,39.648042,10.108835,39.648013,10.108808
ET030612,Awabel,Awabel,no,Amhara,Amhara,810.673954,809.144627,-1.529327,-0.1886,809.144548,810.674033,0.998113,0.0147,116.7,38.001192,10.221095,38.001312,10.221035
ET020106,Chifra,Chifra,no,Afar,Afar,1486.318195,1484.027915,-2.29028,-0.1541,1484.027903,1486.318206,0.998459,0.0357,96.16,40.227179,11.584565,40.227505,11.58453
ET041513,Abaya,Abaya,no,Oromia,Oromia,1837.810845,1835.081523,-2.729322,-0.1485,1835.061336,1837.831032,0.998493,0.0352,175.02,38.016801,6.35504,38.016829,6.354723
ET031118,Gonder City Adm.,Gondar town,yes,Amhara,Amhara,292.830097,292.397351,-0.432746,-0.1478,292.397351,292.830097,0.998522,0.0197,8.26,37.450313,12.575352,37.450339,12.575528
ET030413,Kelela,Kelela,no,Amhara,Amhara,1428.889285,1426.856436,-2.032849,-0.1423,1426.856436,1428.889285,0.998577,0.0076,-164.66,38.983895,10.54068,38.983877,10.540614
ET040705,Gimbichu,Gimbichu,no,Oromia,Oromia,664.750197,665.670795,0.920597,0.1385,664.75019,665.670802,0.998617,0.0266,170.23,39.187485,8.999201,39.187526,8.998964
ET030711,Wemberma,Wemberma,no,Amhara,Amhara,1378.841181,1377.036284,-1.804898,-0.1309,1377.036282,1378.841183,0.998691,0.0305,-136.23,36.79942,10.488967,36.799227,10.488768
ET031003,Jilye Tumuga,Jilye Tumuga,no,Amhara,Amhara,890.279856,889.117812,-1.162044,-0.1305,889.117812,890.279856,0.998695,0.0109,140.13,40.051317,10.260067,40.05138,10.259992
ET030714,Finote Selam Town,Finote Selam town,yes,Amhara,Amhara,42.698228,42.649034,-0.049195,-0.1152,42.649034,42.698228,0.998848,0.0041,-41.57,37.262587,10.685185,37.262562,10.685213
ET030518,Minjar Shenkora,Minjar Shenkora,no,Amhara,Amhara,1726.300274,1724.384795,-1.915479,-0.111,1724.38478,1726.300288,0.99889,0.009,97.47,39.497178,8.918165,39.497258,8.918154
ET030416,Wegde,Wegde,no,Amhara,Amhara,1121.750444,1120.529069,-1.221375,-0.1089,1120.529068,1121.750445,0.998911,0.0122,-125.14,38.680169,10.534048,38.680077,10.533984
ET040209,Sibu Sire,Sibu Sire,no,Oromia,Oromia,1046.714415,1047.631074,0.916659,0.0876,1046.714415,1047.631074,0.999125,0.0111,-146.87,36.810727,9.15543,36.810672,9.155345
ET040615,Jida,Jida,no,Oromia,Oromia,487.71944,487.381183,-0.338258,-0.0694,487.381183,487.71944,0.999306,0.0139,-173.52,39.003115,9.399144,39.003101,9.399019
ET030803,Dehana,Dehana,no,Amhara,Amhara,1644.326851,1643.438035,-0.888815,-0.0541,1643.438035,1644.326851,0.999459,0.0026,-80.49,38.6735,12.437393,38.673477,12.437397
ET041405,Odo Shakiso,Odo Shakiso,no,Oromia,Oromia,1255.486507,1254.841353,-0.645155,-0.0514,1254.841353,1255.486507,0.999486,0.0245,3.12,38.817752,5.760295,38.817764,5.760516
ET040711,Liben Chukala,Liben Chukala,no,Oromia,Oromia,704.170437,704.497278,0.326842,0.0464,704.170436,704.497278,0.999536,0.0075,87.29,38.888951,8.504003,38.889019,8.504006
ET030906,Jawi,Jawi,no,Amhara,Amhara,3289.540895,3288.088475,-1.452421,-0.0442,3288.088454,3289.540915,0.999558,0.008,-29.47,36.406968,11.709197,36.406932,11.70926
ET030409,Dessie Zuria,Dessie Zuria,no,Amhara,Amhara,937.997323,938.387712,0.390389,0.0416,937.997323,938.387712,0.999584,0.0062,136.76,39.488334,11.048514,39.488373,11.048474
ET040608,Wuchale,Wuchale,no,Oromia,Oromia,893.478368,893.816625,0.338257,0.0379,893.478367,893.816626,0.999622,0.0045,91.23,38.914997,9.581704,38.915038,9.581703
ET040212,Leka Dulecha,Leka Dulecha,no,Oromia,Oromia,616.858788,616.69297,-0.165818,-0.0269,616.691902,616.859856,0.999728,0.0069,106.19,36.46479,8.90193,36.46485,8.901913
ET020304,Dulecha,Dulecha,no,Afar,Afar,1485.106432,1485.201695,0.095263,0.0064,1485.105488,1485.20264,0.999935,0.0009,106.6,40.058908,9.486338,40.058916,9.486336
ET020501,Telalak,Telalek,yes,Afar,Afar,1105.008222,1104.959553,-0.048669,-0.0044,1104.959546,1105.008229,0.999956,0.001,151.68,40.315403,10.975438,40.315407,10.975431
ET020504,Dalifage,Dalefage,yes,Afar,Afar,978.324613,978.310483,-0.01413,-0.0014,978.310483,978.324613,0.999986,0.0003,-81.74,40.365515,10.518792,40.365513,10.518793
ET030103,Janamora,Janamora,no,Amhara,Amhara,1296.69601,1296.699233,0.003222,0.0002,1296.695981,1296.699262,0.999997,0,135.48,38.215797,13.072349,38.215798,13.072349
ET030806,Sahila,Sahila,no,Amhara,Amhara,1145.216143,1145.213177,-0.002965,-0.0003,1145.213177,1145.216143,0.999997,0,77.77,38.49771,12.935972,38.49771,12.935972
ET120105,Makuey,Makuey,no,Gambela,Gambela,409.165977,409.167115,0.001138,0.0003,409.165977,409.167115,0.999997,0,134.54,33.712947,8.218706,33.712948,8.218705
ET041216,Miyo,Miyo,no,Oromia,Oromia,2573.609471,2573.614123,0.004652,0.0002,2573.609471,2573.614123,0.999998,0.0001,-130.67,38.56404,3.843027,38.56404,3.843026
ET120103,Jikawo,Jikawo,no,Gambela,Gambela,662.64728,662.646142,-0.001138,-0.0002,662.646142,662.64728,0.999998,0,-37.51,33.63179,8.345928,33.631789,8.345929
ET040409,Seka Chekorsa,Seka Chekorsa,no,Oromia,Oromia,824.336127,824.335477,-0.00065,-0.0001,824.335477,824.336127,0.999999,0,160.79,36.651422,7.567556,36.651422,7.567556
ET150206,Jeldessa,Jeldessa,no,Dire Dawa,Dire Dawa,339.935957,339.936185,0.000228,0.0001,339.935949,339.936193,0.999999,0,-13.35,42.187222,9.690354,42.187222,9.690354
ET020198,Logiya-Semera,Samera Logiya town,yes,Afar,Afar,75.806451,75.806451,-0.000001,0,75.806451,75.806451,1,0,108.21,40.974978,11.756001,40.974978,11.756001
ET020201,Erebti,Erebti,no,Afar,Afar,2613.39071,2613.39071,0,0,2613.39071,2613.39071,1,0,-34.24,40.148772,13.140979,40.148772,13.140979
ET020202,Kunneba,Kunneba,no,Afar,Afar,349.369008,349.369009,0.000001,0,349.369008,349.369009,1,0,-40.48,39.897421,13.994795,39.897421,13.994795
ET020204,Megale,Megale,no,Afar,Afar,1128.593719,1128.593771,0.000052,0,1128.593718,1128.593772,1,0,-128.01,39.964258,12.80291,39.964258,12.80291
ET020205,Berahile,Berahile,no,Afar,Afar,2915.765246,2915.765246,0,0,2915.765246,2915.765246,1,0,-118.68,40.180737,13.961027,40.180737,13.961027
ET020206,Dalol,Dalol,no,Afar,Afar,2232.317182,2232.317186,0.000004,0,2232.317182,2232.317186,1,0,-35.74,40.065804,14.287057,40.065804,14.287057
ET020207,Afdera,Afdera,no,Afar,Afar,12493.92792,12493.92792,0,0,12493.92792,12493.92792,1,0,19.22,40.715799,13.546654,40.715799,13.546654
ET020306,Arguba Special,Arguba,yes,Afar,Afar,365.063837,365.063825,-0.000013,0,365.063816,365.063846,1,0,-179.74,39.870625,9.491642,39.870625,9.491642
ET020401,Awra,Awra (AF),yes,Afar,Afar,2292.717132,2292.717132,0,0,2292.717132,2292.717132,1,0,61.3,40.316288,12.048899,40.316288,12.048899
ET020402,Ewa,Euwa,yes,Afar,Afar,1444.345014,1444.345014,0,0,1444.345014,1444.345014,1,0,72.96,40.179255,11.816961,40.179255,11.816961
ET020404,Yalo,Yalo,no,Afar,Afar,764.175252,764.175252,0,0,764.175252,764.175252,1,0,61.27,39.941621,12.424243,39.941621,12.424243
ET020405,Gulina,Gulina,no,Afar,Afar,846.917936,846.917937,0.000001,0,846.917933,846.917939,1,0,-78.75,39.982171,12.180981,39.982171,12.180981
ET020502,Samurobi Gele'alo,Samurobi,yes,Afar,Afar,1444.974363,1444.974371,0.000007,0,1444.974359,1444.974375,1,0,-82.19,40.144813,9.873901,40.144813,9.873901
ET020503,Dewe,Dawe,yes,Afar,Afar,749.567585,749.567591,0.000006,0,749.567583,749.567592,1,0,-49.76,40.285946,10.719535,40.285946,10.719535
ET020505,Hadelela,Hadelela,no,Afar,Afar,1257.344351,1257.344358,0.000007,0,1257.344351,1257.344358,1,0,-132.76,40.283038,10.272881,40.283038,10.272881
ET030101,Addi Arekay,Addi Arekay,no,Amhara,Amhara,1467.388354,1467.387807,-0.000547,0,1467.387779,1467.388382,1,0,-31.45,37.97918,13.376595,37.97918,13.376595
ET030102,Beyeda,Beyeda,no,Amhara,Amhara,968.375835,968.375835,0,0,968.375835,968.375835,1,0,66.37,38.457989,13.239784,38.457989,13.239784
ET030104,Debark,Debark,no,Amhara,Amhara,1246.399181,1246.399454,0.000273,0,1246.399179,1246.399457,1,0,74.79,37.803087,13.231611,37.803087,13.231611
ET030119,Telemt,Telemt,no,Amhara,Amhara,776.056013,776.056008,-0.000005,0,776.055999,776.056022,1,0,-76.02,38.449443,13.439099,38.449443,13.439099
ET030198,Debark Town,Debark town,yes,Amhara,Amhara,5.658017,5.658017,0,0,5.658017,5.658017,1,0,38.95,37.897563,13.15032,37.897563,13.15032
ET030206,Tach Gayint,Tach Gayint,no,Amhara,Amhara,825.915756,825.915756,0,0,825.915756,825.915756,1,0,-115.38,38.561666,11.563941,38.561666,11.563941
ET030210,Debre Tabor Town,Debre Tabor town,yes,Amhara,Amhara,110.934412,110.934412,0,0,110.934412,110.934412,1,0,78.95,38.021204,11.862891,38.021204,11.862891
ET030211,West Esite,Andabet /West Esite,yes,Amhara,Amhara,810.017162,810.017162,0,0,810.017162,810.017162,1,0,73.79,37.91377,11.37281,37.91377,11.37281
ET030293,Woreta Town,Woreta town,yes,Amhara,Amhara,5.84116,5.84116,0,0,5.84116,5.84116,1,0,34.71,37.698664,11.923283,37.698664,11.923283
ET030301,Bugna,Bugna,no,Amhara,Amhara,1303.954594,1303.954594,0,0,1303.954594,1303.954594,1,0,66.46,38.717413,12.171376,38.717413,12.171376
ET030302,Raya Kobo,Raya Kobo,no,Amhara,Amhara,1922.358928,1922.358944,0.000016,0,1922.358923,1922.358949,1,0,-140.93,39.641684,12.106252,39.641684,12.106252
ET030303,Gidan,Gidan,no,Amhara,Amhara,1087.319316,1087.319316,0,0,1087.319316,1087.319316,1,0,176.92,39.324664,12.056013,39.324664,12.056013
ET030309,Woldiya Town,Woldiya town,yes,Amhara,Amhara,78.911399,78.911399,0,0,78.911399,78.911399,1,0,56.77,39.59416,11.823346,39.59416,11.823346
ET030310,Lasta,Lasta,no,Amhara,Amhara,1115.935952,1115.935952,0.000001,0,1115.935952,1115.935952,1,0,39.26,39.047844,12.062906,39.047844,12.062906
ET030311,Dawunt,Dawunt,no,Amhara,Amhara,618.683831,618.683831,0,0,618.683831,618.683831,1,0,75.94,38.839017,11.473613,38.839017,11.473613
ET030398,Lalibela Town,Lalibela town,yes,Amhara,Amhara,7.823159,7.823159,0,0,7.823159,7.823159,1,0,71.57,39.046434,12.028863,39.046434,12.028863
ET030399,Kobo Town,Kobo town,yes,Amhara,Amhara,5.908738,5.908738,0,0,5.908738,5.908738,1,0,57.63,39.633581,12.150882,39.633581,12.150882
ET030401,Argoba,Argoba,no,Amhara,Amhara,315.139912,315.139912,0,0,315.139912,315.139912,1,0,-93.9,39.969987,10.941479,39.969987,10.941479
ET030402,Tenta,Tenta,no,Amhara,Amhara,1317.37395,1317.37395,0,0,1317.37395,1317.37395,1,0,68.45,39.22603,11.224608,39.22603,11.224608
ET030403,Kutaber,Kutaber,no,Amhara,Amhara,720.44794,720.44794,0,0,720.44794,720.44794,1,0,-45.73,39.460642,11.280494,39.460642,11.280494
ET030404,Ambasel,Ambasel,no,Amhara,Amhara,882.88275,882.88275,0,0,882.88275,882.88275,1,0,-49.79,39.495097,11.502018,39.495097,11.502018
ET030408,Albuko,Albuko,no,Amhara,Amhara,477.012044,477.012044,0,0,477.012044,477.012044,1,0,85.19,39.612998,10.814272,39.612998,10.814272
ET030411,Sayint,Sayint,no,Amhara,Amhara,1438.41996,1438.41996,0,0,1438.41996,1438.41996,1,0,75.44,38.775172,11.069037,38.775172,11.069037
ET030417,Kombolcha Town,Kombolcha town,yes,Amhara,Amhara,132.239685,132.239685,0,0,132.239685,132.239685,1,0,62.06,39.720999,11.095927,39.720999,11.095927
ET030418,Dessie City Adm.,Dessie town,yes,Amhara,Amhara,199.040485,199.040485,0,0,199.040485,199.040485,1,0,0,39.638094,11.146563,39.638094,11.146563
ET030419,Mehal Sayint,Mehal Sayint,no,Amhara,Amhara,600.563722,600.563722,0,0,600.563722,600.563722,1,0,58,38.642263,10.935686,38.642263,10.935686
ET030420,Legehida,Legehida,no,Amhara,Amhara,533.62118,533.62118,0,0,533.62118,533.62118,1,0,61.57,39.258425,10.68458,39.258425,10.68458
ET030421,Mekdela,Mekdela,no,Amhara,Amhara,1492.564719,1492.564719,0,0,1492.564719,1492.564719,1,0,0,38.934099,11.242773,38.934099,11.242773
ET030422,Worebabu,Worebabu,no,Amhara,Amhara,751.006933,751.006927,-0.000007,0,751.006927,751.006933,1,0,-150.36,39.894115,11.447225,39.894115,11.447225
ET030501,Mida Woremo,Mida Woremo,no,Amhara,Amhara,848.02476,848.024762,0.000001,0,848.02476,848.024762,1,0,-85.56,39.008143,10.246408,39.008143,10.246408
ET030503,Ensaro,Ensaro,no,Amhara,Amhara,451.672327,451.672328,0.000001,0,451.672326,451.672329,1,0,-47.35,38.906836,9.828918,38.906836,9.828918
ET030506,Gishe Rabel,Gishe Rabel,no,Amhara,Amhara,659.23554,659.23554,0,0,659.23554,659.23554,1,0,66.87,39.600928,10.58008,39.600928,10.58008
ET030507,Antsokiya,Antsokiya,no,Amhara,Amhara,372.404349,372.404349,0,0,372.404349,372.404349,1,0,-83.53,39.803548,10.601689,39.803548,10.601689
ET030511,Mojan Wedera,Mojan Wedera,no,Amhara,Amhara,618.653001,618.653001,0,0,618.653001,618.653001,1,0,68.88,39.529702,9.928199,39.529702,9.928199
ET030512,Kewet,Kewet,no,Amhara,Amhara,756.62611,756.62612,0.00001,0,756.626103,756.626127,1,0,-107.49,39.90687,9.977585,39.90687,9.977585
ET030513,Angolelana Tera,Angolelana Tera,no,Amhara,Amhara,807.53645,807.53645,0.000001,0,807.536437,807.536462,1,0,-91.68,39.457701,9.459649,39.457701,9.459649
ET030514,Assagirt,Assagirt,no,Amhara,Amhara,499.93687,499.93687,0,0,499.93687,499.93687,1,0,49.71,39.615334,9.343761,39.615334,9.343761
ET030515,Ankober,Ankober,no,Amhara,Amhara,707.998562,707.998573,0.000011,0,707.998552,707.998583,1,0,-25.12,39.776633,9.558133,39.776633,9.558133
ET030517,Berehet,Berehet,no,Amhara,Amhara,772.294275,772.294265,-0.00001,0,772.294259,772.294281,1,0,-110.18,39.685283,9.187797,39.685283,9.187797
ET030519,Basona Worena,Basona Worena,no,Amhara,Amhara,1215.284259,1215.284261,0.000002,0,1215.284258,1215.284262,1,0,-112.06,39.531548,9.743879,39.531548,9.743879
ET030520,Debre Berhan Town,Debre Berhan town,yes,Amhara,Amhara,146.37807,146.37807,0,0,146.37807,146.37807,1,0,65.65,39.525836,9.664373,39.525836,9.664373
ET030521,Menze Keya Gabriel,Menze Keya Gabriel,no,Amhara,Amhara,544.814603,544.814603,0,0,544.814603,544.814603,1,0,80.99,39.367316,10.182152,39.367316,10.182152
ET030522,Menze Lalo Midir,Menze Lalo Midir,no,Amhara,Amhara,381.923303,381.923303,0,0,381.923303,381.923303,1,0,59.39,39.514971,10.131752,39.514971,10.131752
ET030523,Siya Debirna Wayu,Siya Debirna Wayu,no,Amhara,Amhara,463.718762,463.718762,0,0,463.718761,463.718763,1,0,-99.46,39.211404,9.78459,39.211404,9.78459
ET030595,Shoa Robit,Shoa Robit,no,Amhara,Amhara,9.930579,9.930578,-0.000001,0,9.930578,9.930579,1,0,-95.28,39.905959,10.006861,39.905959,10.006861
ET030601,Bibugn,Bibugn,no,Amhara,Amhara,399.925814,399.925814,0,0,399.925814,399.925814,1,0,-94.52,37.753793,10.833862,37.753793,10.833862
ET030602,Hulet Ej Enese,Hulet Ej Enese,no,Amhara,Amhara,1490.757366,1490.757366,0,0,1490.757366,1490.757366,1,0,70.9,37.900487,10.988849,37.900487,10.988849
ET030607,Debay Telatgen,Debay Telatgen,no,Amhara,Amhara,626.455245,626.455245,0,0,626.455245,626.455245,1,0,56.76,37.993295,10.543835,37.993295,10.543835
ET030608,Debre Elias,Debre Elias,no,Amhara,Amhara,1192.757429,1192.75743,0.000001,0,1192.757428,1192.757431,1,0,-79.19,37.322246,10.233485,37.322246,10.233485
ET030610,Guzamn,Guzamn,no,Amhara,Amhara,1177.500287,1177.500287,0,0,1177.500287,1177.500287,1,0,-60.01,37.634936,10.271284,37.634936,10.271284
ET030611,Baso Liben,Baso Liben,no,Amhara,Amhara,1145.519793,1145.519794,0.000001,0,1145.519793,1145.519794,1,0,161.87,37.716669,10.028157,37.716669,10.028157
ET030614,Shebel Bernta,Shebel Bernta,no,Amhara,Amhara,900.437098,900.437099,0.000001,0,900.437097,900.4371,1,0,160.87,38.372339,10.346465,38.372339,10.346465
ET030615,Debre Markos Town,Debre Markos town,yes,Amhara,Amhara,65.8421,65.8421,0,0,65.8421,65.8421,1,0,47.79,37.728717,10.32714,37.728717,10.32714
ET030616,Senan,Senan,no,Amhara,Amhara,436.603832,436.603832,0,0,436.603832,436.603832,1,0,63.6,37.768936,10.545841,37.768936,10.545841
ET030617,Aneded,Aneded,no,Amhara,Amhara,682.399585,682.399586,0.000001,0,682.399585,682.399586,1,0,167.79,37.883007,10.182059,37.883007,10.182059
ET030694,Mota Town,Mota town,yes,Amhara,Amhara,6.595652,6.595652,0,0,6.595652,6.595652,1,0,26.05,37.877003,11.081258,37.877003,11.081258
ET030706,Quarit,Quarit,no,Amhara,Amhara,603.035533,603.035533,0,0,603.035533,603.035533,1,0,29.79,37.441964,10.97515,37.441964,10.97515
ET030707,Dega Damot,Dega Damot,no,Amhara,Amhara,831.424029,831.424029,0,0,831.424029,831.424029,1,0,14.87,37.614903,10.861737,37.614903,10.861737
ET030798,Bure Town,Bure town,yes,Amhara,Amhara,12.445935,12.445935,0,0,12.445935,12.445935,1,0,23.77,37.064763,10.705762,37.064763,10.705762
ET030801,Zequala,Zequala,no,Amhara,Amhara,1727.453593,1727.453607,0.000014,0,1727.453593,1727.453607,1,0,55.62,38.70617,12.807135,38.70617,12.807135
ET030804,Gaz Gibla,Gaz Gibla,no,Amhara,Amhara,1031.829166,1031.829166,0,0,1031.829166,1031.829166,1,0,56.72,39.070414,12.336637,39.070414,12.336637
ET030805,Abergele,Abergele (AM),yes,Amhara,Amhara,1575.207842,1575.207823,-0.000019,0,1575.20782,1575.207845,1,0,-24.4,38.881364,13.077399,38.881364,13.077399
ET030807,Sekota Town,Sekota town,yes,Amhara,Amhara,100.911826,100.911826,0,0,100.911826,100.911826,1,0,-53.82,39.036284,12.618412,39.036284,12.618412
ET030901,Dangila,Dangila,no,Amhara,Amhara,909.875449,909.875449,0,0,909.875449,909.875449,1,0,68.13,36.770621,11.226918,36.770621,11.226918
ET030902,Banja,Banja,no,Amhara,Amhara,479.911145,479.911145,0,0,479.911145,479.911145,1,0,70.6,36.911075,10.971666,36.911075,10.971666
ET030904,Guangua,Guangua,no,Amhara,Amhara,2341.561534,2341.561543,0.000009,0,2341.561523,2341.561555,1,0,-109.69,36.503085,10.780426,36.503085,10.780426
ET030996,Injibara Town,Injibara town,yes,Amhara,Amhara,27.889247,27.889247,0,0,27.889247,27.889247,1,0,54.26,36.925543,10.967736,36.925543,10.967736
ET030997,Zigem,Zigem town,yes,Amhara,Amhara,2.796361,2.796361,0,0,2.796361,2.796361,1,0,85.67,36.492453,10.712034,36.492453,10.712034
ET030998,Dangila Town,Dangila town,yes,Amhara,Amhara,9.061182,9.061182,0,0,9.061182,9.061182,1,0,64.71,36.845612,11.262754,36.845612,11.262754
ET030999,Chagni Town,Chagni town,yes,Amhara,Amhara,17.320028,17.320028,0,0,17.320028,17.320028,1,0,0,36.50744,10.957766,36.50744,10.957766
ET031001,Dewa Cheffa,Dewa Cheffa,no,Amhara,Amhara,652.772902,652.772902,0,0,652.772902,652.772902,1,0,-72.66,39.847356,10.779354,39.847356,10.779354
ET031002,Bati,Bati,no,Amhara,Amhara,1212.116105,1212.116099,-0.000006,0,1212.116098,1212.116106,1,0,-42.79,40.056269,11.161631,40.056269,11.161631
ET031005,Dewa Harewa,Dewa Harewa,no,Amhara,Amhara,439.024973,439.024968,-0.000006,0,439.024966,439.024975,1,0,-112.81,40.046096,10.765807,40.046096,10.765807
ET031006,Kemisie Town,Kemisie town,yes,Amhara,Amhara,3.753911,3.753911,0,0,3.753911,3.753911,1,0,43.06,39.871846,10.718376,39.871846,10.718376
ET031099,Bati Town,Bati town,yes,Amhara,Amhara,3.636154,3.636154,0,0,3.636154,3.636154,1,0,60.38,40.014913,11.192419,40.014913,11.192419
ET031107,Tsegede (Amhara),Tegede,yes,Amhara,Amhara,1879.397184,1879.397181,-0.000004,0,1879.397178,1879.397187,1,0,117.05,37.051514,13.295643,37.051514,13.295643
ET031108,Lay Armacho,Lay Armacho,no,Amhara,Amhara,1059.35124,1059.351256,0.000016,0,1059.35124,1059.351256,1,0,108.55,37.369456,12.765897,37.369456,12.765897
ET031116,West Belesa,West Belesa,no,Amhara,Amhara,1258.305056,1258.305056,0,0,1258.305056,1258.305056,1,0,-25.93,37.847349,12.494307,37.847349,12.494307
ET031117,East Belesa,East Belesa,no,Amhara,Amhara,1421.424394,1421.424394,0,0,1421.424394,1421.424394,1,0,73.06,38.195315,12.514379,38.195315,12.514379
ET031214,Quara,Quara,no,Amhara,Amhara,8441.307206,8441.307234,0.000028,0,8441.307198,8441.307242,1,0,-100.02,35.860825,12.208402,35.860825,12.208402
ET031292,Gendawuha Town,Gendawuha town,yes,Amhara,Amhara,11.379054,11.379054,0,0,11.379054,11.379054,1,0,68.59,36.407708,12.776815,36.407708,12.776815
ET040104,Lalo Asabi,Lalo Asabi,no,Oromia,Oromia,378.506814,378.506814,0,0,378.506814,378.506814,1,0,75.11,35.671316,9.205429,35.671316,9.205429
ET040105,Kiltu Kara,Kiltu Kara,no,Oromia,Oromia,419.232665,419.232665,0,0,419.232665,419.232665,1,0,55.03,35.278485,9.711631,35.278485,9.711631
ET040106,Boji Dirmeji,Boji Dirmeji,no,Oromia,Oromia,498.734068,498.734068,0,0,498.734068,498.734068,1,0,33.23,35.633524,9.401167,35.633524,9.401167
ET040107,Ayira,Ayira,no,Oromia,Oromia,514.231388,514.231388,0,0,514.231388,514.231388,1,0,33.06,35.312267,9.131485,35.312267,9.131485
ET040108,Jarso (West Wellega),Jarso (West Wellega),no,Oromia,Oromia,469.640255,469.640255,0,0,469.640255,469.640255,1,0,8.98,35.31367,9.441815,35.31367,9.441815
ET040109,Gudetu Kondole,Gudetu Kondole,no,Oromia,Oromia,1262.869853,1262.869853,0,0,1262.869853,1262.869853,1,0,33.23,34.757515,9.397122,34.757515,9.397122
ET040110,Boji Chekorsa,Boji Chekorsa,no,Oromia,Oromia,343.285769,343.285769,0,0,343.285769,343.285769,1,0,55.86,35.505824,9.285456,35.505824,9.285456
ET040111,Babo,Babo,no,Oromia,Oromia,898.119484,898.119484,0,0,898.119484,898.119484,1,0,71.26,35.096742,9.446381,35.096742,9.446381
ET040112,Yubdo,Yubdo,no,Oromia,Oromia,307.94655,307.94655,0,0,307.94655,307.94655,1,0,-26.2,35.457587,8.973537,35.457587,8.973537
ET040113,Gaji,Gaji,no,Oromia,Oromia,302.194442,302.194442,0,0,302.194442,302.194442,1,0,68.12,35.595596,9.037139,35.595596,9.037139
ET040114,Haru,Haru,no,Oromia,Oromia,463.485264,463.485264,0,0,463.485264,463.485264,1,0,63.06,35.855815,8.980891,35.855815,8.980891
ET040115,Nole Kaba,Nole Kaba,no,Oromia,Oromia,631.312452,631.312452,0,0,631.312452,631.312452,1,0,13.13,35.785099,8.804742,35.785099,8.804742
ET040116,Begi,Begi,no,Oromia,Oromia,866.108549,866.108549,0,0,866.108549,866.108549,1,0,34.24,34.543117,9.335817,34.543117,9.335817
ET040117,Homa,Homa,no,Oromia,Oromia,90.664358,90.664358,0,0,90.664358,90.664358,1,0,71.62,35.712865,9.060863,35.712865,9.060863
ET040118,Sayo Nole,Sayo Nole,no,Oromia,Oromia,613.166641,613.166641,0,0,613.166641,613.166641,1,0,65.7,35.581544,8.838757,35.581544,8.838757
ET040119,Guliso,Guliso,no,Oromia,Oromia,577.289234,577.289234,0,0,577.289234,577.289234,1,0,51.66,35.346205,9.233579,35.346205,9.233579
ET040201,Limu (Oromia),Limu (OR),yes,Oromia,Oromia,1101.115277,1101.115277,0,0,1101.115277,1101.115277,1,0,22.82,36.461467,9.714585,36.461467,9.714585
ET040202,Ibantu,Ibantu,no,Oromia,Oromia,826.824682,826.824682,0,0,826.824682,826.824682,1,0,69.31,36.444565,10.070995,36.444565,10.070995
ET040203,Gida Ayana,Gida Ayana,no,Oromia,Oromia,1604.460797,1604.460797,0,0,1604.460797,1604.460797,1,0,58.09,36.646491,9.906003,36.646491,9.906003
ET040204,Haro Limu,Haro Limu,no,Oromia,Oromia,1171.579486,1171.579486,0,0,1171.579486,1171.579486,1,0,52.18,36.254173,9.816516,36.254173,9.816516
ET040205,Boneya Boshe,Boneya Boshe,no,Oromia,Oromia,474.19962,474.19962,0,0,474.19962,474.19962,1,0,-61.55,37.038533,8.915872,37.038533,8.915872
ET040207,Bila Seyo,Bila Seyo,no,Oromia,Oromia,670.070706,670.070706,0,0,670.070706,670.070706,1,0,52.22,36.95957,9.350006,36.95957,9.350006
ET040208,Gobu Seyo,Gobu Seyo,no,Oromia,Oromia,341.241941,341.241941,0,0,341.241941,341.241941,1,0,59.84,36.976061,9.165012,36.976061,9.165012
ET040211,Sasiga,Sasiga,no,Oromia,Oromia,783.29814,783.29814,0,0,783.29814,783.29814,1,0,32.3,36.381752,9.228211,36.381752,9.228211
ET040216,Wama Hagalo,Wama Hagalo,no,Oromia,Oromia,620.668796,620.668796,0,0,620.668796,620.668796,1,0,68.28,36.892095,8.797007,36.892095,8.797007
ET040217,Kiremu,Kiremu,no,Oromia,Oromia,1060.150144,1060.150144,0,0,1060.150144,1060.150144,1,0,-35.54,36.80954,10.05964,36.80954,10.05964
ET040301,Darimu,Darimu,no,Oromia,Oromia,1377.171552,1377.171552,0,0,1377.171552,1377.171552,1,0,-33.62,35.377844,8.619185,35.377844,8.619185
ET040302,Alge Sachi,Alge Sachi,no,Oromia,Oromia,873.083062,873.083062,0,0,873.083062,873.083062,1,0,-58.97,35.780137,8.594309,35.780137,8.594309
ET040311,Ale,Ale,no,Oromia,Oromia,562.560786,562.560786,0,0,562.560786,562.560786,1,0,-46.24,35.518227,8.121672,35.518227,8.121672
ET040312,Bure (Oromia),Bure (OR),yes,Oromia,Oromia,1088.878324,1088.878324,0,0,1088.878324,1088.878324,1,0,21.38,35.128353,8.328262,35.128353,8.328262
ET040313,Sale Nono,Sale Nono,no,Oromia,Oromia,1708.372371,1708.372371,0,0,1708.372371,1708.372371,1,0,-18.86,35.188423,7.888761,35.188423,7.888761
ET040314,Becho (Ilu Aba Bora),Becho (Ilu Aba Bora),no,Oromia,Oromia,585.240075,585.240075,0,0,585.240075,585.240075,1,0,58.76,35.710439,8.091273,35.710439,8.091273
ET040315,Bilo Nopha,Bilo Nopha,no,Oromia,Oromia,395.771175,395.771175,0,0,395.771175,395.771175,1,0,50.42,35.530315,8.430262,35.530315,8.430262
ET040316,Hurumu,Hurumu,no,Oromia,Oromia,443.750407,443.750408,0.000001,0,443.750407,443.750408,1,0,139.54,35.786411,8.227413,35.786411,8.227413
ET040317,Didu,Didu,no,Oromia,Oromia,610.793684,610.793684,0,0,610.793684,610.793684,1,0,53.96,35.545343,7.937482,35.545343,7.937482
ET040319,Halu (Huka),Halu /Huka,yes,Oromia,Oromia,376.599382,376.599382,0,0,376.599382,376.599382,1,0,37.66,35.347844,8.182406,35.347844,8.182406
ET040324,Dorani,Dorani,no,Oromia,Oromia,422.469286,422.469286,0,0,422.469286,422.469286,1,0,21.96,35.820469,8.449313,35.820469,8.449313
ET040401,Limu Seka,Limu Seka,no,Oromia,Oromia,1677.074338,1677.074338,0,0,1677.074338,1677.074338,1,0,74.53,36.884031,8.400311,36.884031,8.400311
ET040402,Limu Kosa,Limu Kosa,no,Oromia,Oromia,1315.348838,1315.348838,0,0,1315.348838,1315.348838,1,0,49.81,36.956584,8.027738,36.956584,8.027738
ET040403,Sekoru,Sekoru,no,Oromia,Oromia,923.732722,923.732702,-0.00002,0,923.732698,923.732726,1,0,96.81,37.462861,8.011367,37.462861,8.011367
ET040404,Tiro Afeta,Tiro Afeta,no,Oromia,Oromia,743.739548,743.739548,0,0,743.739548,743.739548,1,0,61.76,37.253706,7.960155,37.253706,7.960155
ET040405,Kersa (Jimma),Kersa (Jimma),no,Oromia,Oromia,970.236279,970.236279,0,0,970.236279,970.236279,1,0,-78.19,37.032632,7.777591,37.032632,7.777591
ET040406,Mena (Jimma),Mena (Jimma),no,Oromia,Oromia,494.410396,494.410396,0,0,494.410396,494.410396,1,0,-51.76,36.760152,7.781041,36.760152,7.781041
ET040408,Gera,Gera,no,Oromia,Oromia,1402.746557,1402.746557,0,0,1402.746557,1402.746557,1,0,-77.31,36.242266,7.696766,36.242266,7.696766
ET040413,Setema,Setema,no,Oromia,Oromia,1031.943621,1031.943621,0,0,1031.943621,1031.943621,1,0,79.46,36.215123,8.064109,36.215123,8.064109
ET040414,Shebe Sambo,Shebe Sambo,no,Oromia,Oromia,812.807207,812.807207,0,0,812.807207,812.807207,1,0,0,36.462253,7.518044,36.462253,7.518044
ET040416,Gumay,Gumay,no,Oromia,Oromia,407.462468,407.462468,0,0,407.462468,407.462468,1,0,71.78,36.430626,7.97134,36.430626,7.97134
ET040499,Nono Benja,Nono Benja,no,Oromia,Oromia,828.639103,828.639103,0,0,828.639103,828.639103,1,0,38.86,37.088892,8.667847,37.088892,8.667847
ET040500,Illu Galan,Illu Galan,no,Oromia,Oromia,423.821557,423.821557,0,0,423.821557,423.821557,1,0,35.32,37.293861,8.970378,37.293861,8.970378
ET040501,Ginde Beret,Ginde Beret,no,Oromia,Oromia,1287.162364,1287.162363,-0.000001,0,1287.162363,1287.162364,1,0,-171.29,37.751682,9.636566,37.751682,9.636566
ET040504,Mida Kegn,Mida Kegn,no,Oromia,Oromia,910.683097,910.683097,0,0,910.683097,910.683097,1,0,69.59,37.569045,9.200746,37.569045,9.200746
ET040505,Cheliya,Cheliya,no,Oromia,Oromia,389.19267,389.19267,0,0,389.19267,389.19267,1,0,53.58,37.408251,9.055225,37.408251,9.055225
ET040506,Bako Tibe,Bako Tibe,no,Oromia,Oromia,639.108051,639.108051,0,0,639.108051,639.108051,1,0,71.62,37.15409,9.095934,37.15409,9.095934
ET040507,Dano,Dano,no,Oromia,Oromia,659.824157,659.824157,0,0,659.824157,659.824157,1,0,-82.29,37.289958,8.7553,37.289958,8.7553
ET040508,Nono,Nono,no,Oromia,Oromia,693.535907,693.535907,0,0,693.535907,693.535907,1,0,41.56,37.438831,8.522127,37.438831,8.522127
ET040509,Tikur Enchini,Tikur Enchini,no,Oromia,Oromia,437.561153,437.561153,0,0,437.561153,437.561153,1,0,0,37.644452,8.792853,37.644452,8.792853
ET040513,Adda Berga,Adda Berga,no,Oromia,Oromia,945.576775,945.576775,0,0,945.576775,945.576775,1,0,-41.49,38.41699,9.427538,38.41699,9.427538
ET040516,Abuna G/Beret,Abuna Ginde Beret,yes,Oromia,Oromia,1119.540051,1119.540051,0,0,1119.54005,1119.540051,1,0,173.03,37.981606,9.668009,37.981606,9.668009
ET040517,Toke Kutaye,Toke Kutaye,no,Oromia,Oromia,550.161773,550.161773,0,0,550.161773,550.161773,1,0,-88.99,37.71695,8.95097,37.71695,8.95097
ET040518,Jibat,Jibat,no,Oromia,Oromia,483.381289,483.381289,0,0,483.381289,483.381289,1,0,0,37.485374,8.714722,37.485374,8.714722
ET040519,Ifata,Ifata,no,Oromia,Oromia,445.349319,445.349319,0,0,445.349319,445.349319,1,0,60.54,37.924338,9.181277,37.924338,9.181277
ET040597,Liban Jawi,Liban Jawi,no,Oromia,Oromia,317.731657,317.731657,0,0,317.731657,317.731657,1,0,11.91,37.520945,8.925337,37.520945,8.925337
ET040601,Wara Jarso,Wara Jarso,no,Oromia,Oromia,1175.172221,1175.172219,-0.000002,0,1175.172217,1175.172223,1,0,134.52,38.218071,9.954232,38.218071,9.954232
ET040602,Dera (Oromia),Dera (OR),yes,Oromia,Oromia,1539.384399,1539.384403,0.000004,0,1539.384393,1539.384409,1,0,155.61,38.63281,10.212729,38.63281,10.212729
ET040605,Degem,Degem,no,Oromia,Oromia,642.581416,642.581416,0,0,642.581416,642.581416,1,0,30.17,38.600693,9.814955,38.600693,9.814955
ET040606,Gerar Jarso,Gerar Jarso,no,Oromia,Oromia,473.150472,473.15047,-0.000002,0,473.15047,473.150472,1,0,-154.95,38.734425,9.79202,38.734425,9.79202
ET040607,Debre Libanos,Debre Libanos,no,Oromia,Oromia,283.159062,283.159062,0,0,283.159062,283.159063,1,0,122.48,38.853044,9.659945,38.853044,9.659945
ET040609,Abichugna Gne'a,Abichugna Gne'a,no,Oromia,Oromia,676.481911,676.48191,-0.000002,0,676.481905,676.481916,1,0,-123.75,39.233369,9.608612,39.233369,9.608612
ET040613,Fiche Town,Fiche town,yes,Oromia,Oromia,13.322525,13.322525,0,0,13.322525,13.322525,1,0,95.54,38.736594,9.787725,38.736594,9.787725
ET040614,Yaya Gulele,Yaya Gulele,no,Oromia,Oromia,340.826877,340.826877,0,0,340.826877,340.826877,1,0,-67.01,38.621801,9.593006,38.621801,9.593006
ET040701,Fentale,Fentale,no,Oromia,Oromia,1463.525237,1463.525236,-0.000001,0,1463.525235,1463.525239,1,0,135.15,39.886396,8.884953,39.886396,8.884953
ET040707,Dugda,Dugda,no,Oromia,Oromia,999.187947,999.18794,-0.000007,0,999.187932,999.187955,1,0,-70.56,38.764875,8.176849,38.764875,8.176849
ET040801,Merti,Merti,no,Oromia,Oromia,872.192914,872.192914,0,0,872.192914,872.192914,1,0,66.55,39.839484,8.529087,39.839484,8.529087
ET040802,Aseko,Aseko,no,Oromia,Oromia,542.26628,542.26628,0,0,542.26628,542.26628,1,0,-60.58,40.060057,8.531087,40.060057,8.531087
ET040804,Jeju,Jeju,no,Oromia,Oromia,806.347581,806.347581,0,0,806.347581,806.347581,1,0,78.42,39.657113,8.358573,39.657113,8.358573
ET040806,Ziway Dugda,Ziway Dugda,no,Oromia,Oromia,1012.083336,1012.083348,0.000013,0,1012.083336,1012.083348,1,0,138.67,38.975184,8.009156,38.975184,8.009156
ET040807,Hitosa,Hitosa,no,Oromia,Oromia,690.793159,690.793159,0,0,690.793159,690.793159,1,0,41.6,39.242817,8.071434,39.242817,8.071434
ET040808,Sude,Sude,no,Oromia,Oromia,1168.113936,1168.113936,0,0,1168.113936,1168.113936,1,0,71.58,39.810354,8.011311,39.810354,8.011311
ET040809,Chole,Chole,no,Oromia,Oromia,585.143892,585.143892,0,0,585.143892,585.143892,1,0,68.88,39.973008,8.112515,39.973008,8.112515
ET040810,Amigna,Amigna,no,Oromia,Oromia,1288.208045,1288.208045,0,0,1288.208045,1288.208045,1,0,23.94,40.177967,7.903227,40.177967,7.903227
ET040811,Seru,Seru,no,Oromia,Oromia,1763.714545,1763.714545,0,0,1763.714545,1763.714545,1,0,75.69,40.346361,7.723863,40.346361,7.723863
ET040812,Robe,Robe,no,Oromia,Oromia,1339.305471,1339.305471,0,0,1339.305471,1339.305471,1,0,-11.42,39.800982,7.69106,39.800982,7.69106
ET040813,Tena,Tena,no,Oromia,Oromia,448.760143,448.760143,0,0,448.760143,448.760143,1,0,-35.4,39.504593,7.791012,39.504593,7.791012
ET040814,Shirka,Shirka,no,Oromia,Oromia,1167.520852,1167.520852,0,0,1167.520852,1167.520852,1,0,-55.18,39.577449,7.570988,39.577449,7.570988
ET040815,Degeluna Tijo,Degeluna Tijo,no,Oromia,Oromia,925.73868,925.73868,0,0,925.73868,925.73868,1,0,71.62,39.229182,7.743367,39.229182,7.743367
ET040816,Tiyo,Tiyo,no,Oromia,Oromia,605.008024,605.008024,0,0,605.008024,605.008024,1,0,-88.28,39.126893,7.890429,39.126893,7.890429
ET040819,Guna,Guna,no,Oromia,Oromia,469.98919,469.98919,0,0,469.98919,469.98919,1,0,19.54,39.912894,8.328708,39.912894,8.328708
ET040820,Sire,Sire,no,Oromia,Oromia,528.559889,528.559889,0,0,528.559889,528.559889,1,0,-83.87,39.502299,8.297879,39.502299,8.297879
ET040821,Lude Hitosa,Lude Hitosa,no,Oromia,Oromia,541.739326,541.739326,0,0,541.739326,541.739326,1,0,-41.59,39.406355,8.09666,39.406355,8.09666
ET040822,Diksis,Diksis,no,Oromia,Oromia,398.862562,398.862562,0,0,398.862562,398.862562,1,0,-8.42,39.562884,8.042857,39.562884,8.042857
ET040823,Bele Gesgar,Bele Gesgar,no,Oromia,Oromia,638.485508,638.485508,0,0,638.485508,638.485508,1,0,45.09,40.057782,7.703236,40.057782,7.703236
ET040824,Inkolo Wabe,Inkolo Wabe,no,Oromia,Oromia,318.082568,318.082568,0,0,318.082568,318.082568,1,0,70.71,39.447416,7.42447,39.447416,7.42447
ET040825,Asela Town,Asela town,yes,Oromia,Oromia,16.992482,16.992482,0,0,16.992482,16.992482,1,0,72.16,39.134275,7.937482,39.134275,7.937482
ET040903,Tulo (Oromia),Tulo (OR),yes,Oromia,Oromia,429.740984,429.740984,0,0,429.740984,429.740984,1,0,-82.55,41.122819,9.177194,41.122819,9.177194
ET040904,Mesela,Mesela /Shen Duggoo,yes,Oromia,Oromia,653.95821,653.95821,0,0,653.95821,653.95821,1,0,-82.85,41.178392,8.987303,41.178392,8.987303
ET040905,Chiro Town,Chiro town,yes,Oromia,Oromia,5.90282,5.90282,0,0,5.90282,5.90282,1,0,74.23,40.867076,9.078966,40.867076,9.078966
ET040906,Anchar,Anchar,no,Oromia,Oromia,756.587998,756.587998,0,0,756.587998,756.587998,1,0,0,40.202014,8.713512,40.202014,8.713512
ET040907,Goba Koricha,Goba Koricha,no,Oromia,Oromia,405.463521,405.463521,0,0,405.463521,405.463521,1,0,-55.89,40.531126,8.926877,40.531126,8.926877
ET040908,Habro,Habro,no,Oromia,Oromia,743.130199,743.130199,0,0,743.130199,743.130199,1,0,61.02,40.51182,8.753756,40.51182,8.753756
ET040909,Daro Lebu,Daro Lebu,no,Oromia,Oromia,1326.385133,1326.385133,0,0,1326.385133,1326.385133,1,0,-72.23,40.469142,8.465366,40.469142,8.465366
ET040910,Boke,Boke,no,Oromia,Oromia,1034.329887,1034.329887,0,0,1034.329887,1034.329887,1,0,47.94,40.747874,8.613317,40.747874,8.613317
ET040911,Kuni,Kuni /Oda Bultum,yes,Oromia,Oromia,1373.563911,1373.563911,0,0,1373.563911,1373.563911,1,0,-34.98,40.986763,8.683427,40.986763,8.683427
ET040912,Gemechis,Gemechis,no,Oromia,Oromia,1041.314529,1041.314529,0,0,1041.314529,1041.314529,1,0,63.07,40.984474,8.857617,40.984474,8.857617
ET040913,Chiro Zuria,Chiro Zuria,no,Oromia,Oromia,688.477946,688.477946,0,0,688.477946,688.477946,1,0,62.21,40.828238,9.070333,40.828238,9.070333
ET040914,Bedesa,Bedesa town,yes,Oromia,Oromia,3.019942,3.019942,0,0,3.019942,3.019942,1,0,52.79,40.775337,8.904986,40.775337,8.904986
ET040915,Hawi Gudina,Hawi Gudina,no,Oromia,Oromia,3081.823574,3081.823574,0,0,3081.823574,3081.823574,1,0,-55.94,40.704843,8.128562,40.704843,8.128562
ET040998,Burqua Dhintu,Burqua Dhintu,no,Oromia,Oromia,2462.920523,2462.920523,0,0,2462.920523,2462.920523,1,0,43.55,41.140081,8.306216,41.140081,8.306216
ET041003,Gursum (Oromia),Gursum (OR),yes,Oromia,Oromia,907.555846,907.555842,-0.000005,0,907.555842,907.555846,1,0,-40.58,42.448176,9.316019,42.448176,9.316019
ET041005,Fedis,Fedis,no,Oromia,Oromia,700.216853,700.216853,0,0,700.216853,700.216853,1,0,15.47,42.127195,9.064182,42.127195,9.064182
ET041007,Kurfa Chele,Kurfa Chele,no,Oromia,Oromia,243.01743,243.01743,0,0,243.01743,243.01743,1,0,69.99,41.872413,9.22968,41.872413,9.22968
ET041010,Goro Gutu,Goro Gutu,no,Oromia,Oromia,533.94839,533.94846,0.00007,0,533.94839,533.94846,1,0,26.55,41.338815,9.407371,41.338815,9.407371
ET041011,Deder,Deder,no,Oromia,Oromia,643.291313,643.291313,0,0,643.291313,643.291313,1,0,41.51,41.436971,9.21455,41.436971,9.21455
ET041012,Melka Balo,Melka Balo,no,Oromia,Oromia,1390.50985,1390.50985,0,0,1390.50985,1390.50985,1,0,-77.93,41.327567,8.897365,41.327567,8.897365
ET041013,Bedeno,Bedeno,no,Oromia,Oromia,820.619431,820.619431,0,0,820.619431,820.619431,1,0,74.35,41.638948,9.063957,41.638948,9.063957
ET041014,Midhaga Tola,Midhaga Tola,no,Oromia,Oromia,1550.616765,1550.616731,-0.000034,0,1550.616731,1550.616765,1,0,5.55,42.206087,8.758437,42.206087,8.758437
ET041016,Girawa,Girawa,no,Oromia,Oromia,1107.49307,1107.49307,0,0,1107.49307,1107.49307,1,0,-78.1,41.866039,9.029087,41.866039,9.029087
ET041017,Golo Oda,Golo Oda,no,Oromia,Oromia,2047.936415,2047.936415,0,0,2047.936415,2047.936415,1,0,81.63,41.500768,8.634308,41.500768,8.634308
ET041018,Meyu Muleke,Meyu Muleke,no,Oromia,Oromia,2654.810875,2654.81086,-0.000015,0,2654.81086,2654.810875,1,0,-4.78,41.882623,8.502011,41.882623,8.502011
ET041097,Deder Town,Deder town,yes,Oromia,Oromia,3.017984,3.017984,0,0,3.017984,3.017984,1,0,53.4,41.442026,9.315931,41.442026,9.315931
ET041098,Kumbi,Kumbi,no,Oromia,Oromia,3281.173049,3281.173042,-0.000007,0,3281.173042,3281.173049,1,0,-56.88,41.709203,8.062067,41.709203,8.062067
ET041104,Agarfa,Agarfa,no,Oromia,Oromia,1222.491896,1222.491896,0,0,1222.491896,1222.491896,1,0,0,39.784396,7.319267,39.784396,7.319267
ET041106,Gasera,Gasera,no,Oromia,Oromia,1129.355531,1129.355531,0,0,1129.355531,1129.355531,1,0,-94.17,40.153372,7.382424,40.153372,7.382424
ET041109,Sinana,Sinana,no,Oromia,Oromia,1033.270511,1033.270511,0,0,1033.270511,1033.270511,1,0,40.96,40.134516,7.12855,40.134516,7.12855
ET041110,Goba,Goba (OR),yes,Oromia,Oromia,1468.725152,1468.725152,0,0,1468.725152,1468.725152,1,0,-74.91,39.896917,6.856846,39.896917,6.856846
ET041111,Harena Buluk,Harena Buluk,no,Oromia,Oromia,1924.888479,1924.888478,0,0,1924.888478,1924.888479,1,0,41.04,39.541821,6.410144,39.541821,6.410144
ET041112,Mena (Bale),Mena (Bale),no,Oromia,Oromia,4891.42966,4891.42966,0,0,4891.42966,4891.42966,1,0,66.32,40.047244,6.266531,40.047244,6.266531
ET041114,Berbere,Berbere,no,Oromia,Oromia,1569.155634,1569.155634,0,0,1569.155634,1569.155634,1,0,-58.77,40.164502,6.711997,40.164502,6.711997
ET041116,Goro (Bale),Goro (Bale),no,Oromia,Oromia,1515.09546,1515.09546,0,0,1515.09546,1515.09546,1,0,18.24,40.507871,6.947488,40.507871,6.947488
ET041119,Robe Town,Robe town,yes,Oromia,Oromia,54.935123,54.935123,0,0,54.935123,54.935123,1,0,56,40.024738,7.125472,40.024738,7.125472
ET041120,Goba Town,Goba town,yes,Oromia,Oromia,42.80179,42.80179,0,0,42.80179,42.80179,1,0,41.2,39.972529,7.024145,39.972529,7.024145
ET041122,Dinsho,Dinsho,no,Oromia,Oromia,650.101062,650.101062,0,0,650.101062,650.101062,1,0,33.39,39.77107,7.076817,39.77107,7.076817
ET041219,Dilo,Dilo,no,Oromia,Oromia,3912.626652,3912.626652,0,0,3912.626652,3912.626652,1,0,8.21,37.774416,4.199027,37.774416,4.199027
ET041301,Ameya,Ameya,no,Oromia,Oromia,950.836539,950.836539,0,0,950.836539,950.836539,1,0,82.86,37.695024,8.557799,37.695024,8.557799
ET041304,Dawo,Dawo,no,Oromia,Oromia,461.631171,461.631171,0,0,461.631171,461.631171,1,0,68.63,38.132977,8.790881,38.132977,8.790881
ET041305,Ilu,Ilu,no,Oromia,Oromia,243.601581,243.601581,0,0,243.601581,243.601581,1,0,47.92,38.335345,8.821946,38.335345,8.821946
ET041307,Kersana Malima,Kersana Malima,no,Oromia,Oromia,610.288357,610.288355,-0.000002,0,610.288355,610.288357,1,0,17.86,38.518969,8.567653,38.518969,8.567653
ET041308,Tole,Tole,no,Oromia,Oromia,420.967623,420.967623,0,0,420.967623,420.967623,1,0,43.53,38.392044,8.620898,38.392044,8.620898
ET041309,Becho (SW Shewa),Becho (SW Shewa),no,Oromia,Oromia,436.720831,436.720831,0,0,436.720831,436.720831,1,0,0,38.244611,8.659263,38.244611,8.659263
ET041310,Seden Sodo,Seden Sodo,no,Oromia,Oromia,559.722055,559.722055,0,0,559.722055,559.722055,1,0,-49.77,38.290671,8.426409,38.290671,8.426409
ET041312,Goro (SW Shewa),Goro (SW Shewa),no,Oromia,Oromia,430.185338,430.185335,-0.000003,0,430.185335,430.185338,1,0,57.45,37.852917,8.410975,37.852917,8.410975
ET041314,Sodo Daci,Sodo Daci,no,Oromia,Oromia,429.698519,429.698519,0,0,429.698519,429.698519,1,0,65.72,38.650857,8.478809,38.650857,8.478809
ET041402,Bore,Bore,no,Oromia,Oromia,453.394152,453.394166,0.000014,0,453.394152,453.394166,1,0,-29.32,38.618504,6.36546,38.618504,6.36546
ET041403,Adola,Adola,no,Oromia,Oromia,1213.226641,1213.226641,0,0,1213.226641,1213.226641,1,0,151.69,38.998272,5.953324,38.998272,5.953324
ET041404,Wadera,Wadera,no,Oromia,Oromia,953.359765,953.359765,0,0,953.359765,953.359765,1,0,69.85,39.287114,5.845619,39.287114,5.845619
ET041408,Afele Kola (Dima),Dama,yes,Oromia,Oromia,357.117581,357.117581,0,0,357.117581,357.117581,1,0,69.12,38.523157,6.260835,38.523157,6.260835
ET041410,Girja (Harenfema),Girja /Harenfema,yes,Oromia,Oromia,904.381552,904.381552,0,0,904.381552,904.381552,1,0,133.88,39.192693,6.137483,39.192693,6.137483
ET041492,Adola Town,Adola town,yes,Oromia,Oromia,27.392677,27.392677,0,0,27.392677,27.392677,1,0,25.74,38.983634,5.883249,38.983634,5.883249
ET041499,Shakiso Town,Shakiso town,yes,Oromia,Oromia,15.599568,15.599568,0,0,15.599568,15.599568,1,0,64.53,38.910752,5.772252,38.910752,5.772252
ET041509,Hambela Wamena,Hambela Wamena,no,Oromia,Oromia,603.291682,603.291679,-0.000003,0,603.291679,603.291682,1,0,100.65,38.484643,5.941888,38.484643,5.941888
ET041515,Dugda Dawa,Dugda Dawa,no,Oromia,Oromia,1827.198324,1827.198324,0,0,1827.198324,1827.198324,1,0,80.59,38.325161,5.314352,38.325161,5.314352
ET041517,Gelana (West Guji),Gelana (West Guji),no,Oromia,Oromia,1209.939953,1209.939947,-0.000006,0,1209.939942,1209.939959,1,0,-38.82,38.003743,5.988029,38.003743,5.988029
ET041518,Melka Soda,Melka Soda,no,Oromia,Oromia,1600.726089,1600.726089,0,0,1600.726089,1600.726089,1,0,72.83,38.618464,5.412623,38.618464,5.412623
ET041594,Suro Berguda,Suro Berguda,no,Oromia,Oromia,784.780312,784.780311,0,0,784.780311,784.780312,1,0,-124.28,38.053614,5.555357,38.053614,5.555357
ET041603,Chora (Buno Bedele),Chora (Buno Bedele),no,Oromia,Oromia,823.80309,823.80309,0,0,823.80309,823.80309,1,0,12.81,36.138731,8.390849,36.138731,8.390849
ET041604,Dega,Dega,no,Oromia,Oromia,353.531104,353.531104,0,0,353.531104,353.531104,1,0,16.46,36.136819,8.596528,36.136819,8.596528
ET041605,Dabo Hana,Dabo Hana,no,Oromia,Oromia,746.159251,746.159251,0,0,746.159251,746.159251,1,0,47.93,36.288667,8.706184,36.288667,8.706184
ET041606,Gechi,Gechi,no,Oromia,Oromia,633.283233,633.283233,0,0,633.283233,633.283233,1,0,75.77,36.481281,8.363624,36.481281,8.363624
ET041607,Borecha,Borecha,no,Oromia,Oromia,738.781447,738.781447,0,0,738.781447,738.781447,1,0,70.17,36.651963,8.307014,36.651963,8.307014
ET041608,Dedesa,Dedesa,no,Oromia,Oromia,841.207072,841.207072,0,0,841.207072,841.207072,1,0,69.18,36.539459,8.132325,36.539459,8.132325
ET041618,Meko,Meko,no,Oromia,Oromia,570.628545,570.628545,0,0,570.628545,570.628545,1,0,71.3,35.995952,8.736738,35.995952,8.736738
ET041621,Bedele Town,Bedele town,yes,Oromia,Oromia,8.511125,8.511125,0,0,8.511125,8.511125,1,0,49.78,36.348746,8.451591,36.348746,8.451591
ET041622,Badele Zuria,Bedele Zuria,yes,Oromia,Oromia,743.985666,743.985666,0,0,743.985666,743.985666,1,0,-10.91,36.382511,8.473117,36.382511,8.473117
ET041701,Siraro,Siraro,no,Oromia,Oromia,631.366741,631.366782,0.000041,0,631.36674,631.366783,1,0,-68.61,38.189632,7.128692,38.189632,7.128692
ET041705,Kore,Kore,no,Oromia,Oromia,502.21362,502.21362,0,0,502.21362,502.21362,1,0,75.64,38.930258,7.225074,38.930258,7.225074
ET041706,Gedeb Asasa,Gedeb Asasa,no,Oromia,Oromia,1148.412415,1148.412415,0,0,1148.412415,1148.412415,1,0,76.99,39.172496,7.183498,39.172496,7.183498
ET041707,Dodola,Dodola,no,Oromia,Oromia,1648.614102,1648.614102,0,0,1648.614102,1648.614102,1,0,66.19,39.152187,6.887088,39.152187,6.887088
ET041708,Kokosa,Kokosa,no,Oromia,Oromia,633.247902,633.247897,-0.000005,0,633.247897,633.247902,1,0,73.28,38.810374,6.791027,38.810374,6.791027
ET041709,Nenesebo (Wereka),Nenesebo,yes,Oromia,Oromia,1638.621078,1638.621051,-0.000027,0,1638.621051,1638.621078,1,0,96.37,39.205759,6.58282,39.205759,6.58282
ET041710,Adaba,Adaba,no,Oromia,Oromia,2163.636652,2163.636652,0,0,2163.636652,2163.636652,1,0,-93.57,39.529652,6.989499,39.529652,6.989499
ET041801,Hawa Galan,Hawa Galan,no,Oromia,Oromia,792.236355,792.236355,0,0,792.236355,792.236355,1,0,59.6,34.9921,8.626763,34.9921,8.626763
ET041802,Yama Logi Welel,Yama Logi Welel,no,Oromia,Oromia,566.70828,566.70828,0,0,566.70828,566.70828,1,0,60.02,34.858615,8.807094,34.858615,8.807094
ET041804,Gawo Kebe,Gawo Kebe,no,Oromia,Oromia,1139.877146,1139.877146,0,0,1139.877146,1139.877146,1,0,75.64,34.934106,9.14806,34.934106,9.14806
ET041805,Sayo,Sayo,no,Oromia,Oromia,1123.114679,1123.114679,0,0,1123.114679,1123.114679,1,0,66.81,34.826792,8.466296,34.826792,8.466296
ET041806,Denbi Dollo Town,Denbi Dollo town,yes,Oromia,Oromia,16.751201,16.751201,0,0,16.751201,16.751201,1,0,34.3,34.800866,8.53285,34.800866,8.53285
ET041807,Anfilo,Anfilo,no,Oromia,Oromia,1570.790752,1570.790752,0,0,1570.790752,1570.790752,1,0,42.2,34.526278,8.603486,34.526278,8.603486
ET041808,Dale Sadi,Dale Sadi,no,Oromia,Oromia,577.055838,577.055838,0,0,577.055838,577.055838,1,0,18.81,35.200975,8.930806,35.200975,8.930806
ET041809,Gidami,Gidami,no,Oromia,Oromia,2159.053477,2159.053477,0,0,2159.053477,2159.053477,1,0,-62.7,34.430973,8.907988,34.430973,8.907988
ET041810,Jimma Horo,Jimma Horo,no,Oromia,Oromia,418.135971,418.135971,0,0,418.135971,418.135971,1,0,65.16,34.758054,9.01502,34.758054,9.01502
ET041811,Lalo Kile,Lalo Kile,no,Oromia,Oromia,473.299353,473.299353,0,0,473.299353,473.299353,1,0,70.47,35.331189,8.862658,35.331189,8.862658
ET041902,Shambu Town,Shambu town,yes,Oromia,Oromia,5.131269,5.131269,0,0,5.131269,5.131269,1,0,-16.42,37.103409,9.568029,37.103409,9.568029
ET041907,Jimma Rare,Jimma Rare,no,Oromia,Oromia,344.107345,344.107345,0,0,344.107345,344.107345,1,0,58.68,37.340883,9.252165,37.340883,9.252165
ET041909,Amuru,Amuru,no,Oromia,Oromia,1257.719806,1257.719804,-0.000002,0,1257.719804,1257.719806,1,0,-121.28,37.007864,10.120986,37.007864,10.120986
ET041910,Abe Dongoro,Abe Dongoro,no,Oromia,Oromia,1095.566998,1095.566998,0,0,1095.566998,1095.566998,1,0,70.24,36.835179,9.59958,36.835179,9.59958
ET060201,Dangura,Dangur,yes,Benishangul Gumz,Benishangul-Gumuz,4757.77337,4757.773367,-0.000003,0,4757.773363,4757.773373,1,0,-116.16,36.025005,11.371908,36.025005,11.371908
ET060202,Guba,Guba,no,Benishangul Gumz,Benishangul-Gumuz,6762.214039,6762.214025,-0.000014,0,6762.214024,6762.21404,1,0,-129.44,35.45588,11.496543,35.45588,11.496543
ET060203,Wenbera,Wembera,yes,Benishangul Gumz,Benishangul-Gumuz,7154.63793,7154.63793,0,0,7154.63793,7154.63793,1,0,10.85,35.552061,10.605716,35.552061,10.605716
ET060205,Debati,Dibate,yes,Benishangul Gumz,Benishangul-Gumuz,2164.663994,2164.663986,-0.000008,0,2164.663981,2164.663999,1,0,-157.97,36.213593,10.467455,36.213593,10.467455
ET060206,Pawe,Pawe,no,Benishangul Gumz,Benishangul-Gumuz,653.886112,653.886111,0,0,653.886106,653.886117,1,0,-102.52,36.409249,11.297685,36.409249,11.297685
ET060207,Bulen,Bulen,no,Benishangul Gumz,Benishangul-Gumuz,2957.721295,2957.721295,0,0,2957.721295,2957.721295,1,0,-46.04,35.956897,10.545135,35.956897,10.545135
ET060302,Kurmuk,Kurmuk,no,Benishangul Gumz,Benishangul-Gumuz,1256.679652,1256.679652,0,0,1256.679652,1256.679652,1,0,30.44,34.459077,10.567869,34.459077,10.567869
ET060304,Sherkole,Sherkole,no,Benishangul Gumz,Benishangul-Gumuz,1860.219184,1860.219184,0,0,1860.219184,1860.219184,1,0,60.43,34.82916,10.674972,34.82916,10.674972
ET060306,Oda Bilidigilu,Bilidigilu,yes,Benishangul Gumz,Benishangul-Gumuz,1705.05073,1705.05073,0,0,1705.05073,1705.05073,1,0,113.12,35.114485,10.128791,35.114485,10.128791
ET060307,Homosha,Homosha,no,Benishangul Gumz,Benishangul-Gumuz,704.875849,704.875849,0,0,704.875849,704.875849,1,0,84.01,34.573544,10.313822,34.573544,10.313822
ET060401,Yaso,Zayi,yes,Benishangul Gumz,Benishangul-Gumuz,2628.489374,2628.489372,-0.000002,0,2628.489372,2628.489374,1,0,-136.18,36.137676,10.004544,36.137676,10.004544
ET060402,Sodal/Sirba Abay,Sedal,yes,Benishangul Gumz,Benishangul-Gumuz,2455.769409,2455.769409,0,0,2455.769409,2455.769409,1,0,84.24,35.199281,10.562079,35.199281,10.562079
ET060404,Agalometi,Dembe,yes,Benishangul Gumz,Benishangul-Gumuz,1800.173774,1800.173774,0,0,1800.173774,1800.173774,1,0,45.11,35.650493,9.80016,35.650493,9.80016
ET060508,Maokomo Special,Mao-komo Special,yes,Benishangul Gumz,Benishangul-Gumuz,3181.421686,3181.421686,0,0,3181.421686,3181.421686,1,0,63.9,34.28565,9.35619,34.28565,9.35619
ET070102,Abeshege,Abeshege,no,SNNP,Central Ethiopia,522.210709,522.210712,0.000003,0,522.210709,522.210712,1,0,73.65,37.622608,8.310922,37.622608,8.310922
ET070103,Ezha,Ezha,no,SNNP,Central Ethiopia,334.610818,334.610818,0,0,334.610818,334.610818,1,0,68.23,38.036328,8.143517,38.036328,8.143517
ET070104,Kokir Gedbano,Gedebano Gutazer Welene,yes,SNNP,Central Ethiopia,483.519427,483.519427,0,0,483.519427,483.519427,1,0,110.23,38.195055,8.319105,38.195055,8.319105
ET070108,Endiguagn,Endiguagn,no,SNNP,Central Ethiopia,151.21744,151.217482,0.000042,0,151.21744,151.217482,1,0,-177.58,37.855609,7.825143,37.855609,7.825143
ET070112,Muhur Na Aklil,Muhur Na Aklil,no,SNNP,Central Ethiopia,473.17417,473.17417,0,0,473.17417,473.17417,1,0,73.74,38.094131,8.217581,38.094131,8.217581
ET070114,Welkite Town,Welkite town,yes,SNNP,Central Ethiopia,10.299545,10.299545,0,0,10.299545,10.299545,1,0,14.63,37.779764,8.286035,37.779764,8.286035
ET070202,Gibe,Gombora,yes,SNNP,Central Ethiopia,462.667904,462.667904,0,0,462.667904,462.667904,1,0,83.58,37.620934,7.585511,37.620934,7.585511
ET070203,Limu (SNNP),Lemmo,yes,SNNP,Central Ethiopia,354.513686,354.513686,0,0,354.513686,354.513686,1,0,43.6,37.860042,7.54256,37.860042,7.54256
ET070204,Shashogo,Shashogo,no,SNNP,Central Ethiopia,355.808842,355.808842,0,0,355.808842,355.808842,1,0,24.69,38.034424,7.50048,38.034424,7.50048
ET070207,Dune,Duna,yes,SNNP,Central Ethiopia,222.530512,222.530512,0,0,222.530512,222.530512,1,0,-67.69,37.662528,7.339929,37.662528,7.339929
ET070208,Analemmo,Analemmo,no,SNNP,Central Ethiopia,224.252505,224.252505,0,0,224.252505,224.252505,1,0,66.75,37.985245,7.636691,37.985245,7.636691
ET070209,Mirab Badowach,Mirab Badowach,no,SNNP,Central Ethiopia,150.51825,150.51825,0,0,150.51825,150.51825,1,0,75.59,37.831852,7.147443,37.831852,7.147443
ET070210,Gembora,Gibe,yes,SNNP,Central Ethiopia,447.951917,447.951917,0,0,447.951917,447.951917,1,0,-54.71,37.668087,7.740668,37.668087,7.740668
ET070211,Hosaena Town,Hosaena town,yes,SNNP,Central Ethiopia,40.485835,40.485835,0,0,40.485835,40.485835,1,0,48.01,37.846361,7.542753,37.846361,7.542753
ET070302,Anigacha,Angacha,yes,SNNP,Central Ethiopia,153.138686,153.138686,0,0,153.138686,153.138686,1,0,70.03,37.861224,7.359442,37.861224,7.359442
ET070306,Doya Gena,Doyogena,yes,SNNP,Central Ethiopia,130.620521,130.620521,0,0,130.620521,130.620521,1,0,49.06,37.806121,7.386517,37.806121,7.386517
ET070307,Damboya,Damboya,no,SNNP,Central Ethiopia,163.196598,163.196598,0,0,163.196598,163.196598,1,0,174.98,37.957068,7.357614,37.957068,7.357614
ET070308,Durame Town,Durame town,yes,SNNP,Central Ethiopia,13.588839,13.588839,0,0,13.588839,13.588839,1,0,22.48,37.897225,7.241866,37.897225,7.241866
ET072001,Alicho Woriro,Alicho Woriro,no,SNNP,Central Ethiopia,262.66217,262.66217,0,0,262.66217,262.66217,1,0,81.29,38.179497,7.993935,38.179497,7.993935
ET072006,Sankura,Sankura,no,SNNP,Central Ethiopia,277.183993,277.183993,0,0,277.183993,277.183993,1,0,-172.67,38.168699,7.547001,38.168699,7.547001
ET072007,Misrak Azenet Berbere,Misrak Azenet Berbere,no,SNNP,Central Ethiopia,167.980642,167.980624,-0.000018,0,167.980624,167.980642,1,0,-165.29,38.023779,7.799774,38.023779,7.799774
ET120101,Akobo,Akobo,no,Gambela,Gambela,2141.209242,2141.209242,0,0,2141.209242,2141.209242,1,0,55.08,33.271625,7.964378,33.271625,7.964378
ET120102,Lare,Lare,no,Gambela,Gambela,568.373394,568.373394,0,0,568.373394,568.373394,1,0,58.2,33.94377,8.341706,33.94377,8.341706
ET120104,Wantawo,Wantawo,no,Gambela,Gambela,941.649464,941.649464,0,0,941.649464,941.649464,1,0,-77.3,33.319394,8.319333,33.319394,8.319333
ET120201,Abobo,Abobo,no,Gambela,Gambela,3141.129856,3141.13,0.000144,0,3141.129856,3141.13,1,0,-84.38,34.533277,7.862698,34.533277,7.862698
ET120202,Gambela Zuria,Gambela Zuria,no,Gambela,Gambela,3286.771012,3286.771012,0,0,3286.771012,3286.771012,1,0,-18.2,34.751276,8.147765,34.751276,8.147765
ET120203,Gog,Gog,no,Gambela,Gambela,3236.765782,3236.765638,-0.000144,0,3236.765638,3236.765782,1,0,143.16,34.28256,7.618948,34.28256,7.618948
ET120204,Jore,Jore,no,Gambela,Gambela,3320.503978,3320.503978,0,0,3320.503978,3320.503978,1,0,22.92,33.739484,7.897086,33.739484,7.897086
ET120205,Dima,Dima (GM),yes,Gambela,Gambela,8525.019352,8525.022274,0.002922,0,8525.019352,8525.022274,1,0,-62.07,34.683141,7.002811,34.683141,7.002811
ET120206,Gambella Town,Gambela town,yes,Gambela,Gambela,15.497289,15.497289,0,0,15.497289,15.497289,1,0,67.55,34.5886,8.245996,34.5886,8.245996
ET120301,Godere,Godere,no,Gambela,Gambela,653.967881,653.967881,0,0,653.967881,653.967881,1,0,-105.7,35.256051,7.245819,35.256051,7.245819
ET120308,Mengesh,Mengesh,no,Gambela,Gambela,1672.151451,1672.151451,0,0,1672.151451,1672.151451,1,0,16.51,35.079825,7.437109,35.079825,7.437109
ET120407,Itang,Itang,no,Gambela,Gambela,2198.87665,2198.87665,0,0,2198.87665,2198.87665,1,0,63.81,34.219567,8.346315,34.219567,8.346315
ET130101,Sofi,Sofi,no,Harari,Harari,131.455364,131.455364,0,0,131.455364,131.455364,1,0,66.58,42.19138,9.243655,42.19138,9.243655
ET130102,Shenkor,Shenkor,no,Harari,Harari,27.139109,27.139109,0,0,27.139109,27.139109,1,0,44.06,42.148626,9.344331,42.148626,9.344331
ET130103,Jinela,Jinela,no,Harari,Harari,19.054486,19.054491,0.000006,0,19.054486,19.054491,1,0,-103.48,42.088759,9.296922,42.088759,9.296922
ET130104,Hakim,Hakim,no,Harari,Harari,41.65856,41.65856,0,0,41.65856,41.65856,1,0,57.51,42.092629,9.25648,42.092629,9.25648
ET130105,Erer (Harari),Erer (HR),yes,Harari,Harari,98.831104,98.831104,0,0,98.831104,98.831104,1,0,63.91,42.224561,9.328145,42.224561,9.328145
ET130106,Dire Teyara,Dire Teyara,no,Harari,Harari,11.362365,11.362366,0,0,11.362365,11.362366,1,0,-128.3,42.126407,9.369641,42.126407,9.369641
ET130107,Amir Nur,Amir Nur,no,Harari,Harari,11.851369,11.851369,0,0,11.851369,11.851369,1,0,25.36,42.17588,9.308168,42.17588,9.308168
ET130108,Aboker,Aboker,no,Harari,Harari,10.219786,10.219786,0,0,10.219786,10.219786,1,0,0,42.113044,9.33616,42.113044,9.33616
ET130109,Abadir,Abadir,no,Harari,Harari,19.203793,19.203793,0,0,19.203793,19.203793,1,0,23.86,42.122748,9.310441,42.122748,9.310441
ET150103,Sabian,Sabian,no,Dire Dawa,Dire Dawa,19.726741,19.726741,0,0,19.726741,19.726741,1,0,33.54,41.834892,9.626899,41.834892,9.626899
ET150104,Malka Jabti (M/jebdu),Malka Jabti /M.Jebdu,yes,Dire Dawa,Dire Dawa,22.002559,22.002559,0,0,22.002559,22.002559,1,0,14.57,41.795171,9.628908,41.795171,9.628908
ET150105,Legehare,Legehare,no,Dire Dawa,Dire Dawa,0.720995,0.720995,0,0,0.720995,0.720995,1,0,50.32,41.877284,9.604855,41.877284,9.604855
ET150109,Addis Ketema (Dire Dawa),Addis Ketema (DD),yes,Dire Dawa,Dire Dawa,11.035508,11.035508,0,0,11.035508,11.035508,1,0,33.55,41.860395,9.58886,41.860395,9.58886
ET150110,Gende Kore,Gende Kore,no,Dire Dawa,Dire Dawa,0.734364,0.734364,0,0,0.734364,0.734364,1,0,73.78,41.855149,9.600105,41.855149,9.600105
ET150207,Wahil,Wahil,no,Dire Dawa,Dire Dawa,183.1676,183.167584,-0.000015,0,183.167584,183.1676,1,0,-35.58,41.861306,9.52037,41.861306,9.52037
ET150208,Biyoawale,Biyoawale,no,Dire Dawa,Dire Dawa,350.015547,350.015547,0,0,350.015547,350.015547,1,0,57.86,41.999683,9.575757,41.999683,9.575757
