old_adm3_pcode,old_adm3_name,old_adm1_name,old_area_km2,n_new_parts,total_share_of_old_explained,new_pcodes,new_names,share_of_old_list,intersection_km2_list
ET050502OU070,Kebridehar,Somali,8942.102647,8,0.974345,ET050502;ET050595;ET050598;ET050599;ET050596;ET050504;ET050698;ET050592,Kebridehar;Goglo;El-Ogaden;Bodaley;Lasdhankayre;Debeweyin;Elale;Kebridehar town,0.261722;0.205472;0.183378;0.1723;0.081941;0.035995;0.021905;0.011632,2340.347691;1837.348774;1639.784207;1540.723038;732.728307;321.868132;195.877839;104.016051
ET071305,Konso,SNNP,2333.884889,6,1,ET080902;ET080905;ET080904;ET080901;ET080601;ET080903,Karat Zuria;Kolme;Segen Zuria;Kena;Alle Special;Karat town,0.40845;0.291602;0.158858;0.120669;0.019193;0.001228,953.274331;680.566616;370.755744;281.628309;44.794368;2.865515
ET042006,Sebeta Hawas,Oromia,750.195201,6,0.998099,ET041306;ET042011;ET042005;ET042003;ET042010;ET042004,Sebeta Hawas;Sebeta;Galan Gudo;Furi;Melka Nonno;Galan,0.633833;0.166337;0.143187;0.022422;0.020699;0.011621,475.498522;124.785023;107.418246;16.82088;15.528616;8.717741
ET050601OU071,East Imi,Somali,5510.127038,6,0.996581,ET050601;ET050699;ET051006;ET051001;ET050403;ET050809,East Imi;Aba-Korow;Dihun;Ayun;Salahad;Raso,0.538126;0.171051;0.142921;0.129222;0.010659;0.004602,2965.140625;942.513037;787.514095;712.03038;58.73056;25.354864
ET050206OU059,Kebribeyah,Somali,4001.696524,6,0.989503,ET050206;ET050204;ET050297;ET050207;ET050298;ET050296,Kebribeyah;Shabeeley;Koran /Mulla;Harshin;Haroreys;Kebribayah town,0.686196;0.119414;0.110863;0.055031;0.010736;0.007263,2745.948735;477.85931;443.641126;220.218704;42.962459;29.062821
ET050302OU060,Degehabur,Somali,6582.46208,6,0.966911,ET050302;ET050382;ET050306;ET050394;ET050307;ET050301,Degehabur;Yocale;Bilcil-Bur;Burqod;Degahabur town;Degehamedo,0.519238;0.170198;0.152412;0.062072;0.035623;0.027368,3417.867321;1120.322409;1003.243853;408.587604;234.484317;180.151785
ET010602,Enderta,Tigray,1328.486653,6,0.169627,ET010701;ET010702;ET010703;ET010707;ET010704;ET010705,Kuiha Sub City;Hadnet Sub City;Ayder Sub City;Semen Sub City;Hawelti Sub City;Adihaki Sub City,0.103814;0.039163;0.021286;0.002577;0.001624;0.001163,137.915006;52.026937;28.278239;3.423058;2.157183;1.54549
ET031112OU003,Chilga,Amhara,3036.247883,5,1.000001,ET031205;ET031106;ET031112;ET031119;ET031199,Adagn Ager Chaqo;Chilga 1;Chilga 2;Masero Denb /Central Armacho;Aykel town,0.48813;0.236807;0.235209;0.038871;0.000984,1482.082706;719.004087;714.151719;118.020703;2.988667
ET071901,Ela (Konta) SP Woreda,SNNP,2353.526841,5,1,ET110601;ET110605;ET110604;ET110603;ET110602,Konta Koysha;Ameya Zuria;Elahanchano;Amaya town;Chida town,0.507052;0.358772;0.0858;0.026361;0.022015,1193.361014;844.37851;201.932183;62.042166;51.812968
ET042014OU069,Welmera,Oromia,674.332832,5,0.996555,ET040520;ET042006;ET040512;ET042011;ET042009,Welmera;Gefersa Guje;Holeta town;Sebeta;Mana Abichu,0.648449;0.198126;0.084568;0.051128;0.014284,437.270577;133.602541;57.026982;34.47748;9.632043
ET050404OU056,Hamero,Somali,3281.277202,5,0.985491,ET050404;ET050498;ET050499;ET050402;ET050497,Hamero;Yahob;Wangey;Fik;Qubi,0.53905;0.245267;0.132326;0.059719;0.009129,1768.772353;804.788644;434.199875;195.953332;29.955832
ET020303,Gewane,Afar,8659.700837,5,0.935772,ET020604;ET020603;ET020602;ET020305;ET020308,Sibaybi;Yangudi;Kilalu;Gala'alu;Abida,0.251244;0.226133;0.172304;0.156838;0.129253,2175.693753;1958.242713;1492.099647;1358.16841;1119.291189
ET071201,Yem SP Woreda,SNNP,764.149172,4,1.000001,ET072404;ET072403;ET072401;ET072402,Toba;Deri Saja zuria;Saja town;Fofa,0.874474;0.113987;0.007023;0.004517,668.228501;87.102706;5.366332;3.451627
ET070409,Aroresa,SNNP,754.110283,4,1.000001,ET160507;ET160508;ET160505;ET160509,Aroresa;Hokko;Daella;Chabe Gambeltu,0.48921;0.464185;0.023662;0.022944,368.917918;350.046754;17.843581;17.30203
ET011064,Kedamay Weyane,Tigray,4.698829,4,1.000001,ET010707;ET010701;ET010706;ET010703,Semen Sub City;Kuiha Sub City;Qedamay Weyane Sub City;Ayder Sub City,0.410656;0.22648;0.225761;0.137104,1.929601;1.064189;1.060813;0.644227
ET070607,Ofa,SNNP,385.434512,4,1,ET080107;ET080120;ET080122;ET080117,Ofa;Kawo Koyesha;Bayera Koyesha;Gesuba town,0.805003;0.117592;0.061132;0.016273,310.276078;45.324106;23.562242;6.272086
ET070408,Bensa,SNNP,546.270644,4,1,ET160503;ET160509;ET160501;ET160504,Bensa;Chabe Gambeltu;Bura;Daye town,0.614712;0.19354;0.187045;0.004703,335.799016;105.725249;102.177194;2.569186
ET070909,Chena,SNNP,1056.186227,4,1,ET110213;ET110209;ET110217;ET110214,Shisho Ande;Chena;Shishinda town;Wacha town,0.520247;0.409053;0.06467;0.00603,549.477752;432.036352;68.303392;6.368731
ET072101OU050,Halaba SP Woreda,SNNP,977.607094,4,1,ET071404;ET071402;ET071403;ET071401,Wera Djo;Wera;Atote Ulo;Kulito town,0.512558;0.325968;0.151408;0.010066,501.080826;318.668214;148.017116;9.840931
ET070604OU053,Humbo,SNNP,867.530089,4,0.999977,ET080119;ET080104;ET080121;ET080116,Hobicha Abaya;Humbo;Abela Abaya;Tebela town,0.387188;0.37267;0.236167;0.003952,335.897202;323.302219;204.881693;3.428792
ET042013,Sululta,Oromia,1140.639821,4,0.998296,ET040620;ET042012;ET042009;ET040621,Sululta (OR);Sululta;Mana Abichu;Chancho town,0.774995;0.121574;0.070735;0.030992,883.990394;138.671726;80.683683;35.350434
ET042012,Akaki,Oromia,543.97588,4,0.996306,ET040712;ET042007;ET042004;ET040709,Akaki;Koye;Galan;Bishoftu town,0.44564;0.256283;0.156027;0.138356,242.417375;139.411737;84.874884;75.262073
ET040704OU068,Lome (Oromia),Oromia,743.234007,4,0.992134,ET040704;ET040797;ET040714;ET040703,Lome (OR);Mojo town;Adama town;Adama,0.848265;0.069555;0.047393;0.026921,630.459614;51.695382;35.223848;20.008327
ET042011,Bereh,Oromia,705.215077,4,0.990648,ET040619;ET042008;ET040623;ET042002,Bereh;Kura Jida;Sendafa town;Eka Tafo,0.451246;0.340969;0.101639;0.096794,318.225514;240.456728;71.677591;68.260388
ET041901OU037,Horo,Oromia,901.175356,4,0.990305,ET041912;ET041901;ET041913;ET041905,Horo Buluk;Horo;Sulula Finca'a;Abay Chomen,0.489343;0.395007;0.076608;0.029347,440.983927;355.97072;69.037408;26.447091
ET010102,Laelay Adiabo,Tigray,1791.920657,4,0.986076,ET010110;ET010111;ET010104;ET010105,Seyemti Adyabo;Adi Daero;Tahtay Koraro;Asgede,0.394289;0.371078;0.136195;0.084514,706.534649;664.942996;244.050476;151.442224
ET010408,Ofla,Tigray,1108.714541,4,0.985322,ET990302;ET990305;ET990301;ET990303,Ofla;Zata;Raya Alamata;Korem town,0.687134;0.249129;0.045588;0.003471,761.835019;276.21265;50.543536;3.848104
ET030702,Bahirdar Zuria,Amhara,1443.367792,4,0.980685,ET031310;ET031406;ET031405;ET031403,Bahir Dar Zuria;Tis Abay town;Meshenti town;Zege town,0.867012;0.077907;0.021283;0.014483,1251.417115;112.447734;30.719803;20.903631
ET010502,Welkait,Tigray,3799.029963,4,0.969372,ET990104;ET990108;ET990102;ET990109,Welkait;Awra;Korarit;May Gaba,0.62513;0.213302;0.127066;0.003874,2374.888953;810.341583;482.727347;14.717271
ET010604,Dega Temben,Tigray,1040.638506,4,0.573981,ET010602;ET010317;ET010222;ET010605,Enderta;Geraleta;Tanqua Melashe;Hagere Selam town,0.314256;0.161155;0.093543;0.005027,327.026563;167.703932;97.344104;5.230905
ET010303,Saesie Tsaedamba,Tigray,1050.931519,4,0.47312,ET010314;ET010306;ET010313;ET010311,Tsaeda Emba;Kilte Awulaelo;Freweyni town;Edaga Hamus town,0.42839;0.039038;0.002935;0.002757,450.208559;41.02615;3.08478;2.897692
ET020105,Mile,Afar,4067.774878,4,0.453421,ET020602;ET020101;ET020601;ET020112,Kilalu;Dubti;Gerani;Mile town,0.206188;0.143716;0.103039;0.000478,838.727376;584.602978;419.138107;1.945576
ET050301,Degehamedo,Somali,4734.16783,4,0.365166,ET050297;ET051005;ET050306;ET050290,Koran /Mulla;Sagag;Bilcil-Bur;Goljano,0.157836;0.074038;0.069407;0.063885,747.222928;350.509078;328.586366;302.443402
ET070503,Kochere,SNNP,194.159671,3,1.000001,ET081103;ET081108;ET081112,Kochere;Churso;Chelelektu town,0.792529;0.19924;0.008232,153.877091;38.684286;1.598288
ET030704OU022,Mecha,Amhara,1484.758252,3,1.000001,ET031306;ET031304;ET031302,Debub Mecha;Mecha;Merawi town,0.629979;0.36808;0.001942,935.36605;546.509248;2.882954
ET030207OU017,Semada,Amhara,2246.486014,3,1.000001,ET030207;ET030214;ET030216,Semada;Sede Muja;Wegeda town,0.594278;0.403576;0.002147,1335.036323;906.627435;4.822256
ET071106,Menit Shasha,SNNP,2923.701607,3,1.000001,ET110504;ET110503;ET110510,Menit Shasha;Gori Gesha;Jemu town,0.542383;0.452118;0.0055,1585.765873;1321.856693;16.079041
ET042009O,Sebeta /Town/,Oromia,130.372905,3,1.000001,ET042011;ET042005;ET042003,Sebeta;Galan Gudo;Furi,0.428879;0.336417;0.234705,55.914171;43.85962;30.599114
ET071702,Mareka,SNNP,462.091185,3,1.000001,ET110402;ET110408;ET110407,Mareka;Mari Mansa;Tercha Zuriya,0.395127;0.392515;0.212359,182.584557;181.377539;98.12909
ET070606,Kindo Koyesha,SNNP,526.378728,3,1,ET080106;ET080123;ET080120,Kindo Koyesha;Bale Awassa town;Kawo Koyesha,0.955312;0.026542;0.018146,502.85579;13.971183;9.551755
ET070417,Chuko,SNNP,305.957785,3,1,ET160405;ET160408;ET160406,Aleta Chuko;Dara Otilicho;Chuko town,0.944132;0.049411;0.006457,288.86448;15.117791;1.975514
ET070501,Wenago,SNNP,147.128708,3,1,ET081101;ET081107;ET081113,Wenago;Rape;Wonago town,0.926006;0.059512;0.014482,136.242022;8.755936;2.130751
ET070418,Bona Zuria,SNNP,220.833845,3,1,ET160502;ET160302;ET160410,Bona Zuria;Shafamo;Chirone,0.909182;0.060072;0.030746,200.778119;13.266019;6.789706
ET030307OU011,Guba Lafto,Amhara,901.146898,3,1,ET030307;ET030313;ET030306,Guba Lafto;Angot;Hara town,0.87815;0.114539;0.007311,791.342459;103.216374;6.588058
ET070502,Yirgachefe,SNNP,286.293921,3,1,ET081102;ET081108;ET081107,Yirgachefe;Churso;Rape,0.857434;0.106747;0.035819,245.478147;30.561049;10.254725
ET071013,Bonke,SNNP,792.281838,3,1,ET080212;ET080204;ET080213,Geressie;Bonke;Geressie town,0.836736;0.159299;0.003965,662.930726;126.209408;3.141704
ET070702,South Ari (Bako Gazer),SNNP,2032.839849,3,1,ET080511;ET080501;ET080513,South Ari;Baka Dawula;Wub Ari,0.805752;0.121433;0.072815,1637.964333;246.853327;148.022189
ET070205OU065,Misrak Badawacho,SNNP,297.773811,3,1,ET070205;ET070216;ET070212,Misrak Badawacho;Siraro Badawacho;Shone town,0.803222;0.169344;0.027434,239.178612;50.426148;8.169016
ET071007,Chencha,SNNP,373.584642,3,1,ET080207;ET080216;ET080206,Chencha Zuriya;Kogota /Ezo;Chencha town,0.776869;0.210085;0.013046,290.226161;78.484655;4.873825
ET041502OU064,Kercha,Oromia,766.079895,3,1,ET041502;ET041596;ET041503,Kercha;Birbirsa Kojowa;Kercha town,0.721776;0.267256;0.010968,552.938177;204.739081;8.402638
ET070416,Bursa,SNNP,222.168073,3,1,ET160401;ET160402;ET160302,Bursa;Teticha;Shafamo,0.717515;0.167078;0.115407,159.40897;37.119374;25.639729
ET071003,Kucha,SNNP,1391.879148,3,1,ET080217;ET080218;ET080220,Kucha;Kucha Alpha;Selamber town,0.709246;0.288291;0.002463,987.184924;401.266419;3.427805
ET070403,Arbe Gonna,SNNP,326.537376,3,1,ET160301;ET160302;ET160204,Arbegona;Shafamo;Gorche,0.695508;0.23604;0.068452,227.109356;77.075982;22.352039
ET041703OU042,Arsi Negele,Oromia,1838.917551,3,1,ET041703;ET041783;ET041799,Arsi Negele;Heban Arsi;Arsi Negele town,0.687241;0.300221;0.012538,1263.778752;552.082059;23.05674
ET041207OU029,Yabelo,Oromia,4023.064056,3,1,ET041207;ET041223;ET041296,Yabelo;Gomole;Yabelo town,0.661503;0.334507;0.00399,2661.269537;1345.744147;16.050351
ET071703,Lome (SNNP),SNNP,1171.465966,3,1,ET110409;ET110403;ET110412,Disa;Loma;Gesa town,0.636631;0.362245;0.001124,745.791974;424.357577;1.316415
ET070908,Decha,SNNP,2953.70889,3,1,ET110212;ET110208;ET110216,Goba (SW);Decha;Awurada town,0.636182;0.354378;0.00944,1879.096219;1046.730397;27.882274
ET070402,Hawassa Zuria,SNNP,544.219284,3,1,ET160210;ET160101;ET160209,Hawassa Zuria;Hawassa town;Bilate Zuria,0.623124;0.328031;0.048845,339.116069;178.520631;26.582583
ET070603,Damot Weydie,SNNP,352.12864,3,1,ET080103;ET080119;ET080112,Damot Woide;Hobicha Abaya;Duguna Fango,0.612785;0.305509;0.081706,215.779292;107.578406;28.770942
ET071001,Melekoza,SNNP,1551.161522,3,1,ET080306;ET080307;ET080305,Melekoza;Melo Gada;Laha town,0.606943;0.392137;0.00092,941.466947;608.267272;1.427303
ET070506,Kochere Gedeb,SNNP,317.686081,3,1,ET081106;ET081108;ET081110,Gedeb;Churso;Gedeb town,0.597978;0.344145;0.057877,189.969271;109.330146;18.386664
ET030603OU007,Goncha Siso Enebse,Amhara,1038.790322,3,1,ET030619;ET030603;ET030620,Sedae;Goncha Siso Enebse;Gundwoin town,0.583255;0.41302;0.003725,605.879738;429.041521;3.869063
ET071012,Kemba,SNNP,1161.259598,3,1,ET080215;ET080211;ET080214,Kemba Zuria;Garda Marta;Kemba town,0.580062;0.41786;0.002078,673.602379;485.244384;2.412835
ET070407,Hulla,SNNP,289.552988,3,1,ET160409;ET160410;ET160402,Hulla;Chirone;Teticha,0.558639;0.226607;0.214754,161.755514;65.614673;62.182787
ET030903OU002,Ankasha,Amhara,1043.539353,3,1,ET030908;ET030903;ET030909,Ayehu Guwagusa;Ankasha;Agew Gimija Bet town,0.515534;0.476594;0.007872,537.979899;497.344268;8.215186
ET070410,Boricha,SNNP,589.190689,3,1,ET160209;ET160306;ET160208,Bilate Zuria;Darara;Boricha,0.416251;0.395946;0.187803,245.251116;233.287983;110.651589
ET030304OU010,Meket,Amhara,1910.747137,3,0.999999,ET030304;ET030312;ET030314,Meket;Gazo;Filakit town,0.690965;0.303006;0.006028,1320.260072;578.96838;11.518685
ET070411,Gorche,SNNP,213.412142,3,0.999999,ET160204;ET160207;ET160205,Gorche;Shebe Dino;Hawela,0.690295;0.194853;0.114851,147.317351;41.58409;24.5107
ET030201OU015,Ebenat,Amhara,2362.289839,3,0.999999,ET030201;ET030213;ET030217,Ebenat;Mena Meketewa;Ebenat town,0.683633;0.315455;0.000911,1614.939921;745.19705;2.152868
ET070105,Sodo,SNNP,834.312315,3,0.999999,ET070403;ET070406;ET070402,Sodo;Debub Sodo;Bui town,0.663471;0.332318;0.00421,553.542285;277.257356;3.512666
ET071105,Menit Goldiye,SNNP,1683.693269,3,0.999999,ET110502;ET110501;ET110509,Menit Goldiye;Gachit;Bachuma town,0.66031;0.309704;0.029985,1111.759768;521.447193;50.486309
ET070415,Chire,SNNP,339.72002,3,0.999999,ET160506;ET160505;ET160507,Chire;Daella;Aroresa,0.485787;0.401954;0.112258,165.031662;136.551949;38.136409
ET070401,Shebe Dino,SNNP,197.21142,3,0.996699,ET160207;ET160205;ET160206,Shebe Dino;Hawela;Leku town,0.629007;0.354038;0.013654,124.047351;69.820398;2.692702
ET050902OU061,Dolo Odo,Somali,9481.088512,3,0.988606,ET050999;ET050902;ET050901,Bokolmayo;Dolo Ado;Filtu,0.470637;0.347705;0.170264,4462.153598;3296.624927;1614.286221
ET010501,Kafta Humera,Tigray,6202.536138,3,0.987389,ET990103;ET990106;ET990101,Kafta Humera;May Kadra;Setit Humera town,0.792473;0.180505;0.014411,4915.343082;1119.589827;89.383681
ET010106,Tselemti,Tigray,2824.293079,3,0.983551,ET990201;ET990202;ET990203,Tselemti /West Telemt;Laelay Tselemti;May Tsebri town,0.647991;0.334021;0.001539,1830.116451;943.372451;4.345901
ET031111OU004,Dembia,Amhara,1295.81457,3,0.973796,ET031125;ET031111;ET031105,West Dembiya;East Dembia;Kolla Debba town,0.60091;0.370418;0.002468,778.667513;479.993067;3.197588
ET050402OU057,Fik,Somali,4098.73449,3,0.962617,ET050402;ET050498;ET050203,Fik;Yahob;Babile (SM),0.680004;0.197842;0.084771,2787.154785;810.900909;347.453055
ET050205OU058,Aw-bare,Somali,3345.05704,3,0.960901,ET050205;ET050299;ET050295,Aw-Bare;Harawo;Wajale town,0.527544;0.39894;0.034417,1764.665731;1334.476238;115.12847
ET050604OU062,Gode,Somali,4135.741619,3,0.959512,ET050604;ET050698;ET050696,Gode;Elale;Godey town,0.476684;0.471541;0.011287,1971.4402;1950.17228;46.67878
ET020101OU001,Dubti,Afar,7415.62243,3,0.958302,ET020101;ET020601;ET020107,Dubti;Gerani;Dubti town,0.731776;0.225614;0.000912,5426.572005;1673.067315;6.761423
ET011066,Hadnet,Tigray,21.340332,3,0.929798,ET010702;ET010706;ET010705,Hadnet Sub City;Qedamay Weyane Sub City;Adihaki Sub City,0.604323;0.236434;0.089041,12.896458;5.045581;1.900174
ET020301,Amibara,Afar,3469.550395,3,0.762398,ET020307;ET020305;ET020310,Hanruka;Gala'alu;Werer,0.606434;0.134798;0.021166,2104.052455;467.689735;73.437637
ET010203,Werei Leke,Tigray,1268.559519,3,0.649998,ET010218;ET010219;ET010217,Endafelasi;Emba Sieneti;Hahayle,0.358823;0.24614;0.045035,455.188155;312.24275;57.129605
ET010202,Aheferom,Tigray,1263.63402,3,0.63131,ET010216;ET010217;ET010220,Egela;Hahayle;Enticho town,0.513934;0.114328;0.003048,649.425071;144.468922;3.851707
ET050106,Hadhagala,Somali,10205.85028,3,0.619437,ET050199;ET050109;ET050103,Gablalu;Dhunyar;Shinile,0.456551;0.130183;0.032703,4659.492938;1328.625957;333.766134
ET010404,Alage,Tigray,792.182639,3,0.559457,ET010401;ET010402;ET010603,Selewa;Bora (TG);Hintalo,0.268899;0.230964;0.059594,213.017064;182.965955;47.209343
ET010603,Hintalo Wajirat,Tigray,1981.147208,3,0.546779,ET010608;ET010602;ET010607,Wajirat;Enderta;Adigudom,0.438287;0.10038;0.008112,868.310564;198.867251;16.071345
ET010306,Kelete Awelallo,Tigray,967.035195,3,0.546639,ET010316;ET010317;ET010309,Agulae;Geraleta;Wukro town,0.410931;0.122654;0.013054,397.384266;118.610517;12.624066
ET010307,Atsbi Wenberta,Tigray,1149.151551,3,0.478136,ET010316;ET010314;ET010315,Agulae;Tsaeda Emba;Atsbi town,0.450778;0.026479;0.000879,518.012431;30.428589;1.010482
ET051006,Dihun,Somali,2966.360109,3,0.456792,ET051001;ET050403;ET050499,Ayun;Salahad;Wangey,0.414554;0.030346;0.011892,1229.715154;90.017353;35.276526
ET051002,Elwayne,Somali,3755.778653,3,0.448273,ET050608;ET050699;ET051096,Berocano;Aba-Korow;Hararey,0.171056;0.162569;0.114648,642.448936;610.571976;430.59235
ET010206,Tahtay Mayechew,Tigray,589.631031,3,0.442231,ET010201;ET010207;ET010205,Chila;Adet;Laelay Maychew,0.202147;0.159618;0.080466,119.192413;94.11591;47.445163
ET020103,Asayita,Afar,1677.244492,3,0.400063,ET020104;ET020102;ET020111,Afambo;Elidar;Asayita town,0.236855;0.133268;0.02994,397.263198;223.522313;50.216873
ET051003,Garbo,Somali,4539.053764,3,0.349867,ET051096;ET051095;ET051005,Hararey;Horshagah;Sagag,0.214962;0.076587;0.058318,975.721951;347.633442;264.708913
ET070206,Soro,SNNP,731.062213,3,0.316966,ET070217;ET070214;ET070213,Mirab Soro;Jajura town;Gimbichu town,0.309353;0.004493;0.00312,226.156364;3.284802;2.280849
ET050596,Lasdhankayre,Somali,1124.872962,3,0.302292,ET050599;ET050698;ET050603,Bodaley;Elale;Danan,0.133422;0.097162;0.071708,150.082533;109.294754;80.662256
ET050298,Haroreys,Somali,1080.882433,3,0.294966,ET050204;ET050293;ET050283,Shabeeley;Jigjiga town;Tuliguled,0.183497;0.08398;0.027489,198.33915;90.773045;29.711927
ET050806,Hargele,Somali,10724.07096,3,0.24762,ET050898;ET050802;ET050807,Kohle /Qoxle;Charati;Barey,0.154364;0.051559;0.041697,1655.408741;552.924869;447.159419
ET010305,Hawzen,Tigray,870.400924,3,0.107304,ET010317;ET010306;ET010312,Geraleta;Kilte Awulaelo;Hawzen town,0.06958;0.033023;0.004701,60.562245;28.743114;4.091803
ET041004OU031,Babile (Oromia),Oromia,4882.750925,2,1,ET041004;ET041000,Babile (OR);Babile town,0.999305;0.000695,4879.355714;3.39484
ET070704,Hamer,SNNP,5895.656053,2,1,ET081203;ET081207,Hamer;Turmi town,0.999099;0.000901,5890.341501;5.314552
ET071302,Amaro,SNNP,1625.15487,2,1,ET080801;ET080802,Amaro;Kele town,0.99899;0.00101,1623.514083;1.640788
ET031213OU025,Metema,Amhara,5335.026707,2,1,ET031213;ET031224,Metema;Metema Yohanes town,0.998306;0.001694,5325.991162;9.035543
ET030713,Debub Achefer,Amhara,1102.109533,2,1,ET031305;ET031308,Debub Achefer;Dure Bete,0.998187;0.001813,1100.111108;1.998425
ET071011,Ouba Debretsehaye,SNNP,753.892339,2,1,ET080310;ET080301,Uba Debre Tsehay;Beto town,0.997178;0.002822,751.765143;2.127196
ET070420,Wondo-Genet,SNNP,205.770313,2,1,ET160202;ET160201,Wondo-Genet;Wondo-Genet town,0.996522;0.003478,205.054549;0.715765
ET030505OU067,Menze Gera Midir,Amhara,1113.035638,2,1,ET030505;ET030597,Menze Gera Midir;Mehal Meda town,0.996394;0.003606,1109.022262;4.013375
ET070902,Gesha (Deka),SNNP,727.831505,2,1,ET110202;ET110215,Gesha;Deka town,0.996383;0.003617,725.199107;2.632398
ET030202OU013,Libokemekem,Amhara,1000.073883,2,1,ET030202;ET030299,Libokemekem;Adiss Zemen town,0.996359;0.003641,996.432785;3.641099
ET030308OU012,Habru,Amhara,1322.490716,2,1,ET030308;ET030397,Habru;Mersa town,0.996325;0.003675,1317.630561;4.860147
ET030502OU009,Merhabete,Amhara,1049.492652,2,1,ET030502;ET030599,Merhabete;Aleme Ketma town,0.99592;0.00408,1045.210311;4.282333
ET071005,Mirab Abaya,SNNP,801.399078,2,1,ET080219;ET080203,Mirab Abaya;Birbir town,0.995885;0.004115,798.101654;3.297424
ET030613OU006,Dejen,Amhara,627.411729,2,1,ET030613;ET030698,Dejen;Dejen town,0.995875;0.004125,624.823834;2.587817
ET030703OU021,Yilmana Densa,Amhara,926.703447,2,1,ET031303;ET031309,Yilmana Densa;Adete town,0.995768;0.004232,922.781593;3.921855
ET030105OU008,Dabat,Amhara,1094.499908,2,1,ET030105;ET030106,Dabat;Dabat town,0.995643;0.004357,1089.731049;4.768859
ET030405OU018,Thehulederie,Amhara,443.933079,2,1,ET030405;ET030499,Thehulederie;Hike town,0.99557;0.00443,441.966289;1.966791
ET030606OU005,Enemay,Amhara,733.457202,2,1,ET030606;ET030699,Enemay;Bechena town,0.995193;0.004807,729.93111;3.526092
ET030205OU016,Lay Gayint,Amhara,1523.495467,2,1,ET030205;ET030215,Lay Gayint;Nefas Mewicha town,0.994938;0.005062,1515.782874;7.712592
ET071102,Gurafereda,SNNP,2529.503423,2,1,ET110302;ET110309,Gurafereda;Biftu town,0.994879;0.005121,2516.550305;12.953118
ET070703,Gelila / North Ari,SNNP,280.98819,2,1,ET080508;ET080504,North Ari;Gelila town,0.994335;0.005665,279.396266;1.591924
ET031206OU024,Mirab Armacho,Amhara,1498.362996,2,1,ET031206;ET031223,Mirab Armacho;Midre Genet,0.993603;0.006397,1488.777579;9.585415
ET030708OU023,Dembecha,Amhara,971.291023,2,1,ET030708;ET030717,Dembecha;Denbecha town,0.992871;0.007129,964.366231;6.924792
ET070701,Basketo SP Woreda,SNNP,410.676854,2,1,ET080401;ET080402,Basketo Special;Laska town,0.992479;0.007521,407.588168;3.088686
ET071304,Derashe,SNNP,699.383393,2,1,ET080701;ET080702,Derashe;Gidole town,0.991268;0.008732,693.276201;6.107192
ET030412OU019,Borena / Debresina,Amhara,1028.401273,2,1,ET030412;ET030498,Borena /Debresina;Mekane Selam town,0.989508;0.010492,1017.611648;10.789626
ET071104,Shay Bench,SNNP,560.097962,2,1,ET110304;ET110308,Shay Bench;Size town,0.988471;0.011529,553.640416;6.457546
ET030508OU066,Eferatana Gidem,Amhara,517.147335,2,1,ET030508;ET030598,Eferatana Gidem;Ataye town,0.988338;0.011662,511.116117;6.031218
ET071017,Geze Gofa,SNNP,526.180995,2,1,ET080304;ET080302,Gezei Gofa;Buleqi town,0.985868;0.014132,518.745255;7.43574
ET040101OU048,Mana Sibu,Oromia,1841.022153,2,1,ET040101;ET040198,Mana Sibu;Mendi town,0.981457;0.018543,1806.88483;34.137323
ET030208OU063,East Esite,Amhara,1365.929926,2,1,ET030208;ET030298,East Esite;Mekan Eyesuse,0.975389;0.024611,1332.313568;33.616358
ET071107,Maji,SNNP,4658.362689,2,1,ET110507;ET110511,Maji;Maji Tum town,0.974859;0.025141,4541.244617;117.118062
ET070609,Damot Sore,SNNP,180.964958,2,1,ET080109;ET080118,Damot Sore;Gununo Hamus town,0.974259;0.025741,176.306775;4.658184
ET070304OU052,Kacha Bira,SNNP,189.266221,2,1,ET070304;ET070310,Kacha Bira;Shinshincho town,0.968545;0.031455,183.312842;5.953379
ET070414,Loka Abaya,SNNP,878.387766,2,1,ET160307;ET160306,Loka Abaya;Darara,0.965417;0.034583,848.010207;30.377554
ET071101,Sheka,SNNP,489.190773,2,1,ET110301;ET110310,Sheko;Sheko town,0.958542;0.041458,468.909855;20.280918
ET0201051,Adaa'r,Afar,2340.729261,2,1,ET020109;ET020603,Adar;Yangudi,0.944346;0.055654,2210.45825;130.27101
ET070305OU051,Hadero Tunto,SNNP,190.355118,2,1,ET070305;ET070312,Hadero Tunto;Hadero town,0.923048;0.076952,175.706949;14.648169
ET070605,Sodo Zuria,SNNP,404.473779,2,1,ET080105;ET080122,Sodo Zuria;Bayera Koyesha,0.905659;0.094341,366.315398;38.158381
ET041799O,Arsi Negele Town,Oromia,31.381078,2,1,ET041799;ET041703,Arsi Negele town;Arsi Negele,0.895047;0.104953,28.087548;3.293531
ET070405,Aleta Wendo,SNNP,225.414072,2,1,ET160403;ET160402,Aleta Wendo;Teticha,0.875731;0.124269,197.402028;28.012044
ET041412OU033,Saba Boru,Oromia,2897.50183,2,1,ET041412;ET041482,Saba Boru;Aga Wayu,0.781327;0.218673,2263.895145;633.606685
ET070106,Meskan,SNNP,439.381099,2,1,ET070404;ET070405,Meskan;Misrak Meskan,0.753466;0.246534,331.058868;108.322231
ET071701,Tocha,SNNP,744.896535,2,1,ET110401;ET110406,Tocha;Kachi,0.710375;0.289625,529.155852;215.740683
ET041401OU035,Uraga,Oromia,871.868769,2,1,ET041401;ET041490,Uraga;Haro Walabu,0.702693;0.297307,612.655885;259.212883
ET040102OU047,Nejo,Oromia,935.787673,2,1,ET040102;ET040197,Nejo;Leta Sibu,0.689633;0.310367,645.35018;290.437492
ET071110,Semen Bench,SNNP,391.629006,2,1,ET110305;ET110306,Semen Bench;Gidi Bench,0.68801;0.31199,269.444784;122.184222
ET041009OU032,Meta,Oromia,679.232322,2,1,ET041009;ET041089,Meta;Goro Muti,0.680395;0.319605,462.146014;217.086308
ET040510OU045,Dendi,Oromia,1070.210118,2,1,ET040510;ET040590,Dendi;Ejersa Lafo,0.679134;0.320866,726.815657;343.394461
ET041212OU028,Teltale,Oromia,11765.53628,2,1,ET041212;ET041295,Teltale;Elwaya,0.664444;0.335556,7817.541837;3947.99444
ET040803OU026,Golocha,Oromia,1698.474325,2,1,ET040803;ET040893,Golocha;Shanan Kolu,0.654326;0.345674,1111.356341;587.117984
ET041803OU041,Dale Wabera,Oromia,828.117246,2,1,ET041803;ET041812,Dale Wabera;Sedi Chenka,0.639362;0.360638,529.466673;298.650573
ET030204OU014,Farta,Amhara,1220.253418,2,1,ET030204;ET030212,Farta;Guna Begemider,0.618792;0.381208,755.083314;465.170104
ET070406,Dara,SNNP,247.740928,2,1,ET160407;ET160408,Dara;Dara Otilicho,0.597264;0.402736,147.966661;99.774267
ET040502OU044,Jeldu,Oromia,1312.917555,2,1,ET040502;ET040592,Jeldu;Cobi,0.570491;0.429509,749.007165;563.91039
ET071704,Gena Bosa,SNNP,909.288401,2,1,ET110410;ET110404,Zabagazo;Gena,0.56411;0.43589,512.9391;396.349301
ET041211OU027,Dire,Oromia,5078.84071,2,1,ET041211;ET041291,Dire;Dubluk,0.54042;0.45958,2744.705488;2334.135217
ET070504,Bule,SNNP,274.605272,2,1,ET081107;ET081104,Rape;Bule,0.540029;0.459971,148.29479;126.310482
ET040415OU038,Chora (Jimma),Oromia,1792.733398,2,1,ET040495;ET040415,Botor Tolay;Chora (Jimma),0.534385;0.465615,958.01;834.723398
ET041208OU030,Arero,Oromia,9565.712582,2,1,ET042208;ET042207,Wachile;Arero,0.529646;0.470354,5066.440433;4499.272132
ET040514OU046,Meta Robi,Oromia,959.231273,2,1,ET040594;ET040514,Meta Walkite;Meta Robi,0.527842;0.472158,506.322894;452.908379
ET041407OU034,Liben,Oromia,5166.258104,2,1,ET042202;ET042206,Liben;Gumi Idalo,0.511999;0.488001,2645.120142;2521.137962
ET040410OU039,Dedo,Oromia,1542.352653,2,1,ET040410;ET040490,Dedo;Mancho,0.508848;0.491152,784.823094;757.529559
ET040411OU040,Omo Nada,Oromia,1581.112136,2,1,ET040491;ET040411,Omo Beyam;Omo Nada,0.505782;0.494218,799.698153;781.413981
ET042004O,Lege tafo-Lege Dadi Town,Oromia,32.38715,2,0.999999,ET042002;ET042008,Eka Tafo;Kura Jida,0.918516;0.081483,29.74813;2.639017
ET030415OU020,Were Ilu,Amhara,741.510196,2,0.999473,ET030415;ET030423,Were Ilu;Wereilu town,0.99495;0.004523,737.765809;3.353998
ET070610,Kindo Dida,SNNP,380.450308,2,0.999398,ET080110;ET080120,Kindo Daddaye;Kawo Koyesha,0.7141;0.285298,271.679425;108.541807
ET071016,Arba Minch Zuria,SNNP,1752.900001,2,0.999007,ET080202;ET080210,Arba Minch Zuria;Gacho Baba,0.84994;0.149067,1489.860319;261.299278
ET070413,Wonosho,SNNP,179.623448,2,0.998715,ET160303;ET160305,Wonosho;Dale,0.800653;0.198062,143.816125;35.576653
ET050199,Gablalu,Somali,1035.972957,2,0.998475,ET050109;ET050105,Dhunyar;Afdem,0.691784;0.306691,716.670027;317.723742
ET040901OU043,Mieso,Oromia,2895.909205,2,0.998134,ET040901;ET040991,Mieso;Gumbi Bordede,0.520479;0.477655,1507.25945;1383.245563
ET011065,Hawelti,Tigray,12.222053,2,0.996728,ET010704;ET010703,Hawelti Sub City;Ayder Sub City,0.704162;0.292566,8.606308;3.575761
ET041113,Meda Welabu,Oromia,8804.254216,2,0.996556,ET042203;ET042204,Meda Welabu;West Welabu,0.828132;0.168424,7291.082591;1482.844761
ET050704OU055,Warder,Somali,10516.6292,2,0.995429,ET050704;ET050798,Warder;Lehel-Yucub,0.770989;0.22444,8108.204522;2360.352958
ET010503,Tsegede (Tigray),Tigray,3287.022503,2,0.983944,ET990105;ET990107,Tsegede;Dansha town,0.653662;0.330282,2148.600859;1085.645124
ET050702OU054,Bokh,Somali,13654.90407,2,0.982136,ET050702;ET050799,Bokh;Galhamur,0.589031;0.393105,8043.158795;5367.810042
ET041903OU036,Guduru,Oromia,1312.04901,2,0.971719,ET041903;ET041911,Guduru;Choman Guduru,0.632194;0.339525,829.469675;445.474095
ET050598,El-Ogaden,Somali,2182.258963,2,0.970294,ET050586;ET050595,Marsin;Goglo,0.736032;0.234262,1606.211801;511.221365
ET010407,Alamata,Tigray,751.982592,2,0.962624,ET990301;ET990304,Raya Alamata;Alamata town,0.953118;0.009506,716.727968;7.148154
ET011062,Debub & Semen Mekele,Tigray,34.173976,2,0.960084,ET010707;ET010602,Semen Sub City;Enderta,0.887142;0.072942,30.317174;2.492734
ET011068,Adhaki,Tigray,5.45775,2,0.943401,ET010704;ET010705,Hawelti Sub City;Adihaki Sub City,0.877906;0.065495,4.791392;0.357457
ET050198,Gota-biki,Somali,1052.497156,2,0.766281,ET050104;ET050105,Erer (SM);Afdem,0.692796;0.073485,729.165996;77.342582
ET042001,Burayu,Oromia,84.344338,2,0.715367,ET042006;ET042010,Gefersa Guje;Melka Nonno,0.425942;0.289425,35.925792;24.411354
ET050898,Kohle/Qoxle,Somali,2592.546368,2,0.708077,ET050807;ET050899,Barey;God-God,0.572056;0.136021,1483.082589;352.6409
ET010201,Mereb Lehe,Tigray,1232.202215,2,0.667382,ET010214;ET010215,Rama Adi Arbaete;Ahsea,0.380582;0.2868,468.954407;353.395286
ET010601,Saharti Samre,Tigray,1741.308126,2,0.623135,ET010606;ET010401,Samre;Selewa,0.587273;0.035862,1022.623143;62.446459
ET020203,Aba 'Ala,Afar,1152.062621,2,0.602327,ET020210;ET020209,Wasama;Abaala town,0.438074;0.164253,504.688415;189.230229
ET041797,Wondo,Oromia,75.30905,2,0.575795,ET041711;ET041712,Shashemene town;Shashemene,0.462704;0.113091,34.845782;8.516806
ET010208,Kola Temben,Tigray,1366.912575,2,0.513504,ET010221;ET010211,Keyhe tekli;Abiy Adi town,0.512777;0.000727,700.921035;0.993158
ET072003,Lanfero,SNNP,461.561036,2,0.501214,ET072012;ET072009,Mito;Tora town,0.446035;0.055179,205.872603;25.468396
ET050699,Aba-korow,Somali,1172.281232,2,0.488341,ET050608;ET050805,Berocano;West Imi,0.375591;0.11275,440.298708;132.17503
ET041712,Shashemene Zuria,Oromia,702.413543,2,0.471223,ET041711;ET041797,Shashemene town;Wondo,0.460088;0.011135,323.171892;7.821667
ET010103,Medebay Zana,Tigray,1041.961312,2,0.45089,ET010109;ET010201,Laelay Koraro;Chila,0.36839;0.0825,383.847968;85.962321
ET010406,Raya Azebo,Tigray,1739.794364,2,0.428237,ET990306;ET010412,Chercher;Mekhoni town,0.426;0.002237,741.152388;3.89185
ET010105,Asgede Tsimbila,Tigray,2368.154595,2,0.412936,ET010113;ET010114,Tsimbla;Endabaguna town,0.411608;0.001328,974.750671;3.144867
ET072002,Silti,SNNP,499.477697,2,0.325071,ET072013;ET072011,Misrak Siltie;Kibet town,0.228672;0.096399,114.216555;48.149375
ET010304,Ganta Afeshum,Tigray,524.912278,2,0.291761,ET010310;ET010308,Bizet;Adigrat town,0.282246;0.009515,148.154439;4.994454
ET060303,Assosa,Benishangul Gumz,2920.801233,2,0.291375,ET060311;ET060309,Ura;Assosa town Admin,0.286407;0.004968,836.53752;14.510746
ET140103,Kolfe - Keran,Addis Ababa,68.487954,2,0.279099,ET140108;ET140110,Addis Ketema Sub City;Gulele Sub City,0.205542;0.073557,14.077149;5.037773
ET010405,Endamehoni,Tigray,642.017368,2,0.268003,ET010403;ET010409,Neqsege;Maichew town,0.256336;0.011667,164.572479;7.490445
ET050903,Goro Baqaqsa,Somali,4589.799326,2,0.259613,ET050904;ET050802,Guradamole;Charati,0.192383;0.06723,882.999484;308.574182
ET010101,Tahtay Adiyabo,Tigray,3849.340268,2,0.243563,ET010112;ET010107,Maekel Adiyabo;Sheraro town,0.23154;0.012023,891.276437;46.281529
ET010210,Tanqua Abergele,Tigray,1445.808649,2,0.236385,ET010222;ET010208,Tanqua Melashe;Kola Tembien,0.183002;0.053383,264.586113;77.182097
ET050804,Elkare/Serer,Somali,8418.26864,2,0.217541,ET050805;ET050903,West Imi;Goro Baqaqsa,0.137007;0.080534,1153.365381;677.960837
ET051005,Sagag,Somali,2493.048681,2,0.20533,ET050404;ET051003,Hamero;Garbo,0.125702;0.079628,313.380625;198.51653
ET050305,Gunagado,Somali,2664.32808,2,0.198041,ET050399;ET050501,Dig;Shaygosh,0.151461;0.04658,403.541453;124.105398
ET010205,Laelay Maychew,Tigray,535.739348,2,0.189453,ET010209;ET010213,Naeder;Axum town,0.184699;0.004754,98.950612;2.546892
ET050303,Aware,Somali,3115.898458,2,0.155386,ET050305;ET050382,Gunagado;Yocale,0.090303;0.065083,281.375057;202.793284
ET050802,Charati/Weyib,Somali,9046.009367,2,0.153825,ET050808;ET050804,Dolobay;Elkare /Serer,0.108657;0.045168,982.910214;408.589808
ET010301,Gulo Mekeda,Tigray,596.00741,2,0.136637,ET010304;ET010318,Ganta Afeshum;Zala Anbesa town,0.13144;0.005197,78.339359;3.097375
ET010104,Tahtay Koraro,Tigray,668.378264,2,0.121816,ET010105;ET010108,Asgede;Shire Endaslasie town,0.110303;0.011513,73.724097;7.694973
ET050605,Kelafo,Somali,6042.266321,2,0.095418,ET050597;ET050504,Higloley;Debeweyin,0.071937;0.023481,434.663387;141.881054
ET020104,Afambo,Afar,1709.909426,2,0.09369,ET020102;ET020103,Elidar;Asayita,0.057385;0.036305,98.123935;62.078323
ET050701,Danod,Somali,8065.426429,2,0.084358,ET050304;ET050788,Gashamo;Daratole,0.055455;0.028903,447.269585;233.117797
ET050503,Shilabo,Somali,12355.73105,2,0.082684,ET050597;ET050798,Higloley;Lehel-Yucub,0.04284;0.039844,529.321224;492.302568
ET050101,Ayisha,Somali,5880.263011,2,0.073888,ET050106;ET050299,Hadhagala;Harawo,0.059863;0.014025,352.012503;82.470508
ET050207,Harshin,Somali,4518.088336,2,0.052273,ET050382;ET050395,Yocale;Ararso,0.036899;0.015374,166.711766;69.460938
ET030410,Legambo,Amhara,1010.328602,2,0.012167,ET030427;ET030428,Akeseta town;Gimeba town,0.010311;0.001856,10.417005;1.874908
