new_adm3_pcode,new_adm3_name,new_adm1_name,new_area_km2,n_old_parts,total_share_of_new_explained,old_pcodes,old_names,share_of_new_list,intersection_km2_list
ET041019,Maya town,Oromia,356.08047,4,0.999999,ET041006;ET041099O;ET041008;ET041001O,Haro Maya;Aweday Town;Kersa (East Hararge);Haromaya Town,0.735819;0.161232;0.087135;0.015813,262.010742;57.411613;31.027241;5.630867
ET010703,Ayder Sub City,Tigray,41.645155,4,0.991764,ET010602;ET011067;ET011065;ET011064,Enderta;Ayder;Hawelti;Kedamay Weyane,0.679028;0.211404;0.085863;0.015469,28.278239;8.803972;3.575761;0.644227
ET050698,Elale,Somali,2729.920721,4,0.978788,ET050604OU062;ET050504;ET050502OU070;ET050596,Gode;Debeweyin;Kebridehar;Lasdhankayre,0.71437;0.15263;0.071752;0.040036,1950.17228;416.66881;195.877839;109.294754
ET041711,Shashemene town,Oromia,473.249753,4,0.977283,ET041712;ET041702;ET041798;ET041797,Shashemene Zuria;Shala;Bishan Guracha;Wondo,0.682878;0.125006;0.095768;0.073631,323.171892;59.158935;45.322218;34.845782
ET041913,Sulula Finca'a,Oromia,1263.736371,4,0.971137,ET041905;ET041904;ET041908;ET041901OU037,Abay Chomen;Ababo;Jarte Jardega;Horo,0.446013;0.267534;0.20296;0.05463,563.642439;338.092394;256.487361;69.037408
ET050204,Shabeeley,Somali,1621.484028,4,0.738187,ET050206OU059;ET050201;ET050298;ET050202,Kebribeyah;Babile (Somali);Haroreys;Gursum (Somali),0.294705;0.247097;0.12232;0.074065,477.85931;400.663815;198.33915;120.095323
ET050109,Dhunyar,Somali,2254.122091,3,1.000001,ET050106;ET050199;ET050104,Hadhagala;Gablalu;Erer (Somali),0.589421;0.317938;0.092642,1328.625957;716.670027;208.825875
ET050299,Harawo,Somali,1535.315861,3,1.000001,ET050205OU058;ET050102;ET050101,Aw-bare;Dembel;Ayisha,0.869187;0.077098;0.053716,1334.476238;118.369114;82.470508
ET040623,Sendafa town,Oromia,143.447581,3,1,ET042011;ET040617;ET042018,Bereh;Aleltu;Sendafa Town,0.499678;0.471058;0.029264,71.677591;67.572071;4.197919
ET160101,Hawassa town,Sidama,207.627588,3,1,ET070402;ET070419;ET070421O,Hawassa Zuria;Hawasa Town;Tula Town,0.859812;0.133783;0.006405,178.520631;27.77707;1.329886
ET072010,Worabe town,Central Ethiopia,126.267772,3,1,ET072005;ET072008;ET072098,Dalocha;Wilbareg;Worabe Town,0.402173;0.396022;0.201805,50.781536;50.004804;25.481431
ET050402,Fik,Somali,3059.459636,3,1,ET050402OU057;ET050404OU056;ET050408,Fik;Hamero;Meyumuluka,0.910996;0.064048;0.024956,2787.154785;195.953332;76.351518
ET081107,Rape,South Ethiopia,167.305452,3,1,ET070504;ET070502;ET070501,Bule;Yirgachefe;Wenago,0.886372;0.061293;0.052335,148.29479;10.254725;8.755936
ET042011,Sebeta,Oromia,215.176674,3,1,ET042006;ET042009O;ET042014OU069,Sebeta Hawas;Sebeta /Town/;Welmera,0.579919;0.259852;0.160229,124.785023;55.914171;34.47748
ET081108,Churso,South Ethiopia,178.575481,3,1,ET070506;ET070503;ET070502,Kochere Gedeb;Kochere;Yirgachefe,0.612235;0.216627;0.171138,109.330146;38.684286;30.561049
ET080120,Kawo Koyesha,South Ethiopia,163.417668,3,1,ET070610;ET070607;ET070606,Kindo Dida;Ofa;Kindo Koyesha,0.664199;0.277351;0.05845,108.541807;45.324106;9.551755
ET160302,Shafamo,Sidama,115.981733,3,1,ET070403;ET070416;ET070418,Arbe Gonna;Bursa;Bona Zuria,0.664553;0.221067;0.11438,77.075982;25.639729;13.266019
ET160402,Teticha,Sidama,127.314205,3,1,ET070407;ET070416;ET070405,Hulla;Bursa;Aleta Wendo,0.48842;0.291557;0.220023,62.182787;37.119374;28.012044
ET010317,Geraleta,Tigray,346.876694,3,1,ET010604;ET010306;ET010305,Dega Temben;Kelete Awelallo;Hawzen,0.483468;0.341939;0.174593,167.703932;118.610517;60.562245
ET010705,Adihaki Sub City,Tigray,3.803121,3,1,ET011066;ET010602;ET011068,Hadnet;Enderta;Adhaki,0.499635;0.406374;0.093991,1.900174;1.54549;0.357457
ET042004,Galan,Oromia,123.763941,3,0.999999,ET042012;ET042098;ET042006,Akaki;Gelana (Finfine);Sebeta Hawas,0.68578;0.243781;0.070438,84.874884;30.171315;8.717741
ET050297,Koran /Mulla,Somali,1469.310605,3,0.999756,ET050301;ET050206OU059;ET050395,Degehamedo;Kebribeyah;Ararso,0.508553;0.301938;0.189265,747.222928;443.641126;278.089078
ET050382,Yocale,Somali,1509.893294,3,0.986711,ET050302OU060;ET050303;ET050207,Degehabur;Aware;Harshin,0.741988;0.13431;0.110413,1120.322409;202.793284;166.711766
ET010701,Kuiha Sub City,Tigray,146.502445,3,0.986431,ET010602;ET011063;ET011064,Enderta;Kuha;Kedamay Weyane,0.941384;0.037783;0.007264,137.915006;5.535343;1.064189
ET010707,Semen Sub City,Tigray,36.165967,3,0.986282,ET011062;ET010602;ET011064,Debub & Semen Mekele;Enderta;Kedamay Weyane,0.838279;0.094649;0.053354,30.317174;3.423058;1.929601
ET010704,Hawelti Sub City,Tigray,15.845385,3,0.981666,ET011065;ET011068;ET010602,Hawelti;Adhaki;Enderta,0.543143;0.302384;0.136139,8.606308;4.791392;2.157183
ET050704,Warder,Somali,10860.98238,3,0.95844,ET050704OU055;ET050703;ET050788,Warder;Galadi;Daratole,0.746544;0.206217;0.005679,8108.204522;2239.716206;61.683595
ET040709,Bishoftu town,Oromia,511.978768,3,0.658127,ET040706;ET042012;ET042008O,Ada'a;Akaki;Dukem,0.509995;0.147002;0.00113,261.106824;75.262073;0.578486
ET050399,Dig,Somali,1622.238578,3,0.507577,ET050305;ET050586;ET050304,Gunagado;Marsin;Gashamo,0.248756;0.192773;0.066048,403.541453;312.723499;107.14513
ET050597,Higloley,Somali,2605.568505,3,0.506336,ET050503;ET050605;ET050606,Shilabo;Kelafo;Mustahil,0.20315;0.166821;0.136365,529.321224;434.663387;355.307734
ET050807,Barey,Somali,6145.655717,3,0.498076,ET050898;ET050899;ET050806,Kohle/Qoxle;God-god;Hargele,0.241322;0.183994;0.07276,1483.082589;1130.761636;447.159419
ET050504,Debeweyin,Somali,2231.781052,3,0.354648,ET050597;ET050502OU070;ET050605,Higloley;Kebridehar;Kelafo,0.146855;0.14422;0.063573,327.749278;321.868132;141.881054
ET010602,Enderta,Tigray,1608.745266,3,0.328446,ET010604;ET010603;ET011062,Dega Temben;Hintalo Wajirat;Debub & Semen Mekele,0.203281;0.123616;0.001549,327.026563;198.867251;2.492734
ET051003,Garbo,Somali,3467.588837,3,0.131957,ET051005;ET050394;ET051095,Sagag;Burqod;Horshagah,0.057249;0.047344;0.027364,198.51653;164.168732;94.888249
ET040894,Bokoji town,Oromia,34.712785,2,1,ET040818;ET040894O,Limu Bilbilo;Bekoji Town,0.873077;0.126923,30.306937;4.405847
ET080112,Duguna Fango,South Ethiopia,420.046001,2,1,ET070612;ET070603,Diguna Fango;Damot Weydie,0.931505;0.068495,391.275059;28.770942
ET080601,Alle Special,South Ethiopia,832.613506,2,1,ET071301;ET071305,Alle;Konso,0.9462;0.0538,787.819138;44.794368
ET080904,Segen Zuria,South Ethiopia,374.636743,2,1,ET071305;ET071306,Konso;Segen town,0.989641;0.010359,370.755744;3.880999
ET990304,Alamata town,Contested,12.64161,2,1,ET010407;ET010411,Alamata;Alamata Town,0.565446;0.434554,7.148154;5.493457
ET990303,Korem town,Contested,11.21491,2,1,ET010410;ET010408,Korem Town;Ofla,0.656876;0.343124,7.366806;3.848104
ET042002,Eka Tafo,Oromia,98.008518,2,1,ET042011;ET042004O,Bereh;Lege tafo-Lege Dadi Town,0.696474;0.303526,68.260388;29.74813
ET041799,Arsi Negele town,Oromia,51.144287,2,1,ET041799O;ET041703OU042,Arsi Negele Town;Arsi Negele,0.549182;0.450818,28.087548;23.05674
ET020101,Dubti,Afar,6011.174984,2,1,ET020101OU001;ET020105,Dubti;Mile,0.902747;0.097253,5426.572005;584.602978
ET160204,Gorche,Sidama,169.66939,2,1,ET070411;ET070403,Gorche;Arbe Gonna,0.868261;0.131739,147.317351;22.352039
ET041703,Arsi Negele,Oromia,1267.072283,2,1,ET041703OU042;ET041799O,Arsi Negele;Arsi Negele Town,0.997401;0.002599,1263.778752;3.293531
ET160207,Shebe Dino,Sidama,165.631442,2,1,ET070401;ET070411,Shebe Dino;Gorche,0.748936;0.251064,124.047351;41.58409
ET010702,Hadnet Sub City,Tigray,64.923395,2,1,ET010602;ET011066,Enderta;Hadnet,0.801359;0.198641,52.026937;12.896458
ET031119,Masero Denb /Central Armacho,Amhara,1485.255269,2,1,ET031120;ET031112OU003,Tach Armacho;Chilga,0.920538;0.079462,1367.234566;118.020703
ET160507,Aroresa,Sidama,407.054328,2,1,ET070409;ET070415,Aroresa;Chire,0.906311;0.093689,368.917918;38.136409
ET160209,Bilate Zuria,Sidama,271.8337,2,1,ET070410;ET070402,Boricha;Hawassa Zuria,0.90221;0.09779,245.251116;26.582583
ET051001,Ayun,Somali,1941.745535,2,1,ET051006;ET050601OU071,Dihun;East Imi,0.633304;0.366696,1229.715154;712.03038
ET160408,Dara Otilicho,Sidama,114.892058,2,1,ET070406;ET070417,Dara;Chuko,0.868417;0.131583,99.774267;15.117791
ET160505,Daella,Sidama,154.395544,2,1,ET070415;ET070409,Chire;Aroresa,0.884429;0.115571,136.551949;17.843581
ET160205,Hawela,Sidama,94.331098,2,1,ET070401;ET070411,Shebe Dino;Gorche,0.740163;0.259837,69.820398;24.5107
ET042005,Galan Gudo,Oromia,151.277866,2,1,ET042006;ET042009O,Sebeta Hawas;Sebeta /Town/,0.710072;0.289928,107.418246;43.85962
ET010401,Selewa,Tigray,275.463523,2,1,ET010404;ET010601,Alage;Saharti Samre,0.773304;0.226696,213.017064;62.446459
ET042003,Furi,Oromia,47.419999,2,1,ET042009O;ET042006,Sebeta /Town/;Sebeta Hawas,0.645279;0.354721,30.599114;16.82088
ET160410,Chirone,Sidama,72.404378,2,1,ET070407;ET070418,Hulla;Bona Zuria,0.906225;0.093775,65.614673;6.789706
ET020603,Yangudi,Afar,2088.513723,2,1,ET020303;ET0201051,Gewane;Adaa'r,0.937625;0.062375,1958.242713;130.27101
ET020601,Gerani,Afar,2092.205422,2,1,ET020101OU001;ET020105,Dubti;Mile,0.799667;0.200333,1673.067315;419.138107
ET020602,Kilalu,Afar,2330.827023,2,1,ET020303;ET020105,Gewane;Mile,0.640159;0.359841,1492.099647;838.727376
ET160509,Chabe Gambeltu,Sidama,123.027279,2,1,ET070408;ET070409,Bensa;Aroresa,0.859364;0.140636,105.725249;17.30203
ET020305,Gala'alu,Afar,1825.85815,2,1,ET020303;ET020301,Gewane;Amibara,0.743852;0.256148,1358.16841;467.689735
ET080122,Bayera Koyesha,South Ethiopia,61.720623,2,1,ET070605;ET070607,Sodo Zuria;Ofa,0.618244;0.381756,38.158381;23.562242
ET050403,Salahad,Somali,148.74797,2,1,ET051006;ET050601OU071,Dihun;East Imi,0.605167;0.394833,90.017353;58.73056
ET050809,Raso,Somali,297.399093,2,0.999999,ET050805;ET050601OU071,West Imi;East Imi,0.914744;0.085255,272.044144;25.354864
ET990101,Setit Humera town,Contested,103.847826,2,0.999983,ET010501;ET010504,Kafta Humera;Setit Humera,0.860718;0.139265,89.383681;14.462336
ET042010,Melka Nonno,Oromia,40.012454,2,0.998189,ET042001;ET042006,Burayu;Sebeta Hawas,0.610094;0.388095,24.411354;15.528616
ET140111,Lemi Kura Sub City,Addis Ababa,89.32796,2,0.997964,ET140104;ET140107,Bole;Yeka,0.686485;0.311479,61.322347;27.823811
ET160305,Dale,Sidama,287.567631,2,0.997737,ET070404;ET070413,Dale;Wonosho,0.874021;0.123716,251.34001;35.576653
ET050798,Lehel-Yucub,Somali,2863.025594,2,0.996378,ET050704OU055;ET050503,Warder;Shilabo,0.824426;0.171952,2360.352958;492.302568
ET050595,Goglo,Somali,2357.931524,2,0.99603,ET050502OU070;ET050598,Kebridehar;El-Ogaden,0.779221;0.216809,1837.348774;511.221365
ET990301,Raya Alamata,Contested,770.776091,2,0.995453,ET010407;ET010408,Alamata;Ofla,0.929878;0.065575,716.727968;50.543536
ET051096,Hararey,Somali,1413.582897,2,0.994858,ET051003;ET051002,Garbo;Elwayne,0.690247;0.304611,975.721951;430.59235
ET080119,Hobicha Abaya,South Ethiopia,446.225117,2,0.993839,ET070604OU053;ET070603,Humbo;Damot Weydie,0.752753;0.241086,335.897202;107.578406
ET042012,Sululta,Oromia,148.087819,2,0.993552,ET042013;ET042005O,Sululta;Sululta Town,0.936415;0.057137,138.671726;8.461312
ET042008,Kura Jida,Oromia,245.395745,2,0.990627,ET042011;ET042004O,Bereh;Lege tafo-Lege Dadi Town,0.979873;0.010754,240.456728;2.639017
ET042006,Gefersa Guje,Oromia,171.441385,2,0.988841,ET042014OU069;ET042001,Welmera;Burayu,0.77929;0.209551,133.602541;35.925792
ET010209,Naeder,Tigray,489.624441,2,0.987712,ET010207;ET010205,Naeder Adet;Laelay Maychew,0.785617;0.202095,384.65737;98.950612
ET010221,Keyhe tekli,Tigray,715.341003,2,0.985958,ET010208;ET010211,Kola Temben;Abi Adi Town,0.979842;0.006116,700.921035;4.375081
ET010217,Hahayle,Tigray,205.007973,2,0.983369,ET010202;ET010203,Aheferom;Werei Leke,0.704699;0.27867,144.468922;57.129605
ET010316,Agulae,Tigray,938.872362,2,0.974996,ET010307;ET010306,Atsbi Wenberta;Kelete Awelallo,0.551739;0.423257,518.012431;397.384266
ET010222,Tanqua Melashe,Tigray,371.398265,2,0.974507,ET010210;ET010604,Tanqua Abergele;Dega Temben,0.712405;0.262102,264.586113;97.344104
ET050306,Bilcil-Bur,Somali,1378.505654,2,0.96614,ET050302OU060;ET050301,Degehabur;Degehamedo,0.727776;0.238364,1003.243853;328.586366
ET010706,Qedamay Weyane Sub City,Tigray,6.327568,2,0.965046,ET011066;ET011064,Hadnet;Kedamay Weyane,0.797397;0.167649,5.045581;1.060813
ET050499,Wangey,Somali,490.835549,2,0.956484,ET050404OU056;ET051006,Hamero;Dihun,0.884614;0.07187,434.199875;35.276526
ET160306,Darara,Sidama,275.72639,2,0.956258,ET070410;ET070414,Boricha;Loka Abaya,0.846085;0.110173,233.287983;30.377554
ET042009,Mana Abichu,Oromia,94.825287,2,0.952444,ET042013;ET042014OU069,Sululta;Welmera,0.850867;0.101577,80.683683;9.632043
ET050498,Yahob,Somali,1706.027363,2,0.947048,ET050402OU057;ET050404OU056,Fik;Hamero,0.475315;0.471733,810.900909;804.788644
ET010314,Tsaeda Emba,Tigray,508.799513,2,0.94465,ET010303;ET010307,Saesie Tsaedamba;Atsbi Wenberta,0.884845;0.059805,450.208559;30.428589
ET050404,Hamero,Somali,2281.318035,2,0.912697,ET050404OU056;ET051005,Hamero;Sagag,0.775329;0.137368,1768.772353;313.380625
ET040714,Adama town,Oromia,645.178476,2,0.781713,ET040703;ET040704OU068,Adama;Lome (Oromia),0.727117;0.054596,469.119976;35.223848
ET050898,Kohle /Qoxle,Somali,2821.705019,2,0.732134,ET050806;ET050602,Hargele;Adadle,0.58667;0.145464,1655.408741;410.456878
ET050699,Aba-Korow,Somali,2163.174357,2,0.717965,ET050601OU071;ET051002,East Imi;Elwayne,0.435708;0.282257,942.513037;610.571976
ET050293,Jigjiga town,Somali,250.406609,2,0.655738,ET050298;ET050204,Haroreys;Shabeeley,0.362503;0.293235,90.773045;73.427887
ET050599,Bodaley,Somali,3237.064262,2,0.522327,ET050502OU070;ET050596,Kebridehar;Lasdhankayre,0.475963;0.046364,1540.723038;150.082533
ET051095,Horshagah,Somali,2227.296859,2,0.439059,ET050603;ET051003,Danan;Garbo,0.28298;0.156079,630.27958;347.633442
ET050608,Berocano,Somali,2571.759866,2,0.421014,ET051002;ET050699,Elwayne;Aba-korow,0.249809;0.171205,642.448936;440.298708
ET050808,Dolobay,Somali,4006.543336,2,0.387057,ET050802;ET050807,Charati/Weyib;Barey,0.245326;0.141731,982.910214;567.851307
ET040297,Nekemte town,Oromia,81.900283,2,0.364964,ET040213;ET040206,Guto Gida;Wayu Tuka,0.298515;0.066449,24.448461;5.442228
ET010201,Chila,Tigray,590.527579,2,0.34741,ET010206;ET010103,Tahtay Mayechew;Medebay Zana,0.201841;0.145569,119.192413;85.962321
ET050805,West Imi,Somali,3932.388848,2,0.326911,ET050804;ET050699,Elkare/Serer;Aba-korow,0.293299;0.033612,1153.365381;132.17503
ET050105,Afdem,Somali,1467.724505,2,0.26917,ET050199;ET050198,Gablalu;Gota-biki,0.216474;0.052696,317.723742;77.342582
ET050104,Erer (SM),Somali,4134.525855,2,0.264772,ET050198;ET050103,Gota-biki;Shinile,0.17636;0.088412,729.165996;365.541203
ET050903,Goro Baqaqsa,Somali,4633.619036,2,0.259517,ET050804;ET050904,Elkare/Serer;Guradamole,0.146313;0.113204,677.960837;524.545254
ET051005,Sagag,Somali,2550.76039,2,0.24119,ET050301;ET051003,Degehamedo;Garbo,0.137414;0.103776,350.509078;264.708913
ET050501,Shaygosh,Somali,1731.616896,2,0.160361,ET050599;ET050305,Bodaley;Gunagado,0.088691;0.07167,153.579428;124.105398
ET050301,Degehamedo,Somali,3524.777979,2,0.154467,ET050290;ET050302OU060,Goljano;Degehabur,0.103357;0.05111,364.309038;180.151785
ET010306,Kilte Awulaelo,Tigray,494.161618,2,0.141187,ET010303;ET010305,Saesie Tsaedamba;Hawzen,0.083022;0.058165,41.02615;28.743114
ET010105,Asgede,Tigray,1605.738072,2,0.140226,ET010102;ET010104,Laelay Adiabo;Tahtay Koraro,0.094313;0.045913,151.442224;73.724097
ET010205,Laelay Maychew,Tigray,473.173707,2,0.103672,ET010206;ET010213,Tahtay Mayechew;Axum Town,0.10027;0.003402,47.445163;1.609859
ET050802,Charati,Somali,8480.232554,2,0.101589,ET050806;ET050903,Hargele;Goro Baqaqsa,0.065202;0.036387,552.924869;308.574182
ET020102,Elidar,Afar,11440.44557,2,0.028115,ET020103;ET020104,Asayita;Afambo,0.019538;0.008577,223.522313;98.123935
