NewPCODE,R_NAME,Z_NAME,W_NAME,lon,lat
ET140108,Addis Ababa,Region 14,Addis Ketema,470088.1282,998712.4343
ET140101,Addis Ababa,Region 14,Akaki - Kalit,478520.538,983493.5774
ET140109,Addis Ababa,Region 14,Arada,473275.6366,998902.0254
ET140104,Addis Ababa,Region 14,Bole,482310.1089,992675.6095
ET140110,Addis Ababa,Region 14,Gulele,471884.0726,1002717.921
ET140106,Addis Ababa,Region 14,Kirkos,473591.6459,995006.4221
ET140103,Addis Ababa,Region 14,Kolfe - Keran,465699.332,995928.5287
ET140105,Addis Ababa,Region 14,Lideta,470553.76,996329.4493
ET140102,Addis Ababa,Region 14,Nefas Silk,470377.8584,989682.9114
ET140107,Addis Ababa,Region 14,Yeka,481122.7616,1000360.361
ET0201051,Afar,Zone 1 (Awsi Rasu),Adaa'r,656453.1147,1246181.165
ET020104,Afar,Zone 1 (Awsi Rasu),Afambo,793056.1941,1250567.68
ET020103,Afar,Zone 1 (Awsi Rasu),Asayita,769741.7939,1278460.301
ET020106,Afar,Zone 1 (Awsi Rasu),Chifra,633800.2546,1280904.859
ET020101OU001,Afar,Zone 1 (Awsi Rasu),Dubti,727030.3256,1295713.802
ET020102,Afar,Zone 1 (Awsi Rasu),Elidar,799702.7174,1362126.614
ET0201011,Afar,Zone 1 (Awsi Rasu),Kurri,715207.4218,1376190.183
ET020198,Afar,Zone 1 (Awsi Rasu),Logiya-Semera,715224.8098,1300328.787
ET020105,Afar,Zone 1 (Awsi Rasu),Mile,705977.7114,1256188.018
ET020203,Afar,Zone 2 (Kilbet Rasu),Aba 'Ala,593360.6379,1477922.009
ET020207,Afar,Zone 2 (Kilbet Rasu),Afdera,685688.4493,1498224.402
ET020205,Afar,Zone 2 (Kilbet Rasu),Berahile,627514.1564,1543727.799
ET0202071,Afar,Zone 2 (Kilbet Rasu),Bidu,758114.7553,1438717.17
ET020206,Afar,Zone 2 (Kilbet Rasu),Dalol,614954.0764,1579742.147
ET020201,Afar,Zone 2 (Kilbet Rasu),Erebti,624522.2558,1452995.458
ET020202,Afar,Zone 2 (Kilbet Rasu),Kunneba,596917.4419,1547331.77
ET020204,Afar,Zone 2 (Kilbet Rasu),Megale,604653.1763,1415526.593
ET020301,Afar,Zone 3 (Gabi Rasu),Amibara,655684.3622,1050497.225
ET020306,Afar,Zone 3 (Gabi Rasu),Arguba Special,595562.9192,1049322.071
ET020396,Afar,Zone 3 (Gabi Rasu),Awash City,628594.9082,994712.2722
ET020302,Afar,Zone 3 (Gabi Rasu),Awash Fentale,612699.1827,1005754.359
ET020304,Afar,Zone 3 (Gabi Rasu),Dulecha,616234.6952,1048796.026
ET020305,Afar,Zone 3 (Gabi Rasu),Gelealo,660966.4692,1119709.138
ET020303,Afar,Zone 3 (Gabi Rasu),Gewane,693216.349,1159848.158
ET020401,Afar,Zone 4  (Fantana Rasu),Awra,643275.5189,1332311.489
ET020402,Afar,Zone 4  (Fantana Rasu),Ewa,628469.0523,1306588.043
ET020405,Afar,Zone 4  (Fantana Rasu),Gulina,606850.0264,1346759.958
ET020403,Afar,Zone 4  (Fantana Rasu),Teru,657644.6684,1390260.195
ET020404,Afar,Zone 4  (Fantana Rasu),Yalo,602344.3813,1373644.979
ET020504,Afar,Zone 5 (Hari Rasu),Dalifage,649428.605,1163097.294
ET020503,Afar,Zone 5 (Hari Rasu),Dewe,640625.5557,1185262.817
ET020505,Afar,Zone 5 (Hari Rasu),Hadelela,640507.1698,1135860.782
ET020502,Afar,Zone 5 (Hari Rasu),Samurobi Gele'alo,625522.3373,1091681.508
ET020501,Afar,Zone 5 (Hari Rasu),Telalak,643723.7477,1213576.042
ET030903OU002,Amhara,Awi,Ankasha,258391.2891,1190371.966
ET030902,Amhara,Awi,Banja,271726.4553,1213641.937
ET030999,Amhara,Awi,Chagni Town,227584.1961,1212436.494
ET030901,Amhara,Awi,Dangila,256581.6082,1241992.52
ET030998,Amhara,Awi,Dangila Town,264805.6957,1245896.443
ET030905,Amhara,Awi,Fagta Lakoma,270353.6462,1226171.701
ET030907,Amhara,Awi,Guagusa Shikudad,284194.1026,1197618.503
ET030904,Amhara,Awi,Guangua,226942.0631,1192805.554
ET030996,Amhara,Awi,Injibara Town,273307.5391,1213192.961
ET030906,Amhara,Awi,Jawi,217353.4117,1295689.006
ET030997,Amhara,Awi,Zigem,225721.3684,1185255.285
ET031115,Amhara,Central Gondar,Alfa,254033.7673,1320491.157
ET031112OU003,Amhara,Central Gondar,Chilga,273926.4501,1394505.812
ET031111OU004,Amhara,Central Gondar,Dembia,310937.9649,1371620.598
ET031117,Amhara,Central Gondar,East Belesa,412558.971,1383565.591
ET031118,Amhara,Central Gondar,Gonder City Adm.,331649.0537,1390670.707
ET031110,Amhara,Central Gondar,Gonder Zuria,346835.9161,1369517.655
ET031122O,Amhara,Central Gondar,Kinfaz,399693.8772,1414763.933
ET031108,Amhara,Central Gondar,Lay Armacho,322992.9297,1411801.277
ET031120,Amhara,Central Gondar,Tach Armacho,292250.0846,1442133.435
ET031121,Amhara,Central Gondar,Takusa,257554.8465,1353591.504
ET031107,Amhara,Central Gondar,Tsegede (Amhara),288922.8468,1470680.08
ET031109,Amhara,Central Gondar,Wegera,356247.3927,1413360.499
ET031116,Amhara,Central Gondar,West Belesa,374747.875,1381482.756
ET030617,Amhara,East Gojam,Aneded,377645.5905,1125746.979
ET030612,Amhara,East Gojam,Awabel,390607.4206,1130020.19
ET030611,Amhara,East Gojam,Baso Liben,359352.9034,1108798.257
ET030601,Amhara,East Gojam,Bibugn,363774.1313,1197883.806
ET030607,Amhara,East Gojam,Debay Telatgen,389856.3949,1165717.071
ET030608,Amhara,East Gojam,Debre Elias,316231.7653,1131704.5
ET030615,Amhara,East Gojam,Debre Markos Town,360803.9148,1141859.328
ET030613OU006,Amhara,East Gojam,Dejen,409961.6116,1127873.355
ET030605,Amhara,East Gojam,Enarj Enawga,414474.238,1181505.766
ET030604,Amhara,East Gojam,Enebse Sarmder,433614.5303,1201241.726
ET030606OU005,Amhara,East Gojam,Enemay,409962.7907,1161459.431
ET030603OU007,Amhara,East Gojam,Goncha Siso Enebse,409269.1632,1214648.654
ET030610,Amhara,East Gojam,Guzamn,350496.124,1135719.587
ET030602,Amhara,East Gojam,Hulet Ej Enese,379873.1474,1214961.125
ET030609,Amhara,East Gojam,Michakel,340534.3973,1160244.111
ET030694,Amhara,East Gojam,Mota Town,377345.9458,1225195.276
ET030616,Amhara,East Gojam,Senan,365301.2627,1166027.103
ET030614,Amhara,East Gojam,Shebel Bernta,431282.4238,1143782.843
ET030101,Amhara,North Gondar,Addi Arekay,389466.5439,1479012.9
ET030102,Amhara,North Gondar,Beyeda,441274.3616,1463712.767
ET030105OU008,Amhara,North Gondar,Dabat,357327.5344,1443312.073
ET030104,Amhara,North Gondar,Debark,370323.336,1463061.331
ET030198,Amhara,North Gondar,Debark Town,380515.9288,1454020.677
ET030103,Amhara,North Gondar,Janamora,414982.1381,1445262.217
ET030119,Amhara,North Gondar,Telemt,440403.5693,1485763.597
ET030513,Amhara,North Shewa,Angolelana Tera,550240.869,1045702.331
ET030515,Amhara,North Shewa,Ankober,585229.8072,1056652.064
ET030507,Amhara,North Shewa,Antsokiya,587902.5259,1172050.605
ET030514,Amhara,North Shewa,Assagirt,567569.4429,1032916.686
ET030519,Amhara,North Shewa,Basona Worena,558304.8481,1077140.239
ET030517,Amhara,North Shewa,Berehet,575283.2993,1015686.678
ET030520,Amhara,North Shewa,Debre Berhan Town,557688.0046,1068349.101
ET030508OU066,Amhara,North Shewa,Eferatana Gidem,597142.9027,1140208.331
ET030503,Amhara,North Shewa,Ensaro,489785.2088,1086498.272
ET030506,Amhara,North Shewa,Gishe Rabel,565738.9935,1169611.748
ET030516,Amhara,North Shewa,Hagere Mariam,541782.9014,1016278.52
ET030512,Amhara,North Shewa,Kewet,599403.2905,1103068.591
ET030505OU067,Amhara,North Shewa,Menze Gera Midir,569833.9454,1145579.584
ET030521,Amhara,North Shewa,Menze Keya Gabriel,540232.7554,1125573.492
ET030522,Amhara,North Shewa,Menze Lalo Midir,556413.8286,1120024.243
ET030509,Amhara,North Shewa,Menze Mama Midir,570996.178,1117516.85
ET030502OU009,Amhara,North Shewa,Merhabete,497417.193,1110986.461
ET030501,Amhara,North Shewa,Mida Woremo,500891.3226,1132656.994
ET030518,Amhara,North Shewa,Minjar Shenkora,554658.3739,985842.1755
ET030511,Amhara,North Shewa,Mojan Wedera,558067.3753,1097521.558
ET030504,Amhara,North Shewa,Moretna Jiru,516931.2785,1099090.5
ET030595,Amhara,North Shewa,Shoa Robit,599290.8486,1106307.527
ET030523,Amhara,North Shewa,Siya Debirna Wayu,523183.8807,1081604.287
ET030510,Amhara,North Shewa,Tarema Ber,589860.7596,1090616.857
ET030301,Amhara,North Wello,Bugna,469258.2897,1345521.892
ET030311,Amhara,North Wello,Dawunt,482443.6211,1268352.732
ET030303,Amhara,North Wello,Gidan,535334.5723,1332765.621
ET030307OU011,Amhara,North Wello,Guba Lafto,552876.1934,1303969.493
ET030308OU012,Amhara,North Wello,Habru,582990.5054,1290316.468
ET030399,Amhara,North Wello,Kobo Town,568933.7688,1343318.164
ET030398,Amhara,North Wello,Lalibela Town,505054.1991,1329745.63
ET030310,Amhara,North Wello,Lasta,505202.7442,1333508.757
ET030304OU010,Amhara,North Wello,Meket,481129.9563,1307133.421
ET030302,Amhara,North Wello,Raya Kobo,569830.9511,1338381.61
ET030305,Amhara,North Wello,Wadla,501481.5753,1289103.283
ET030309,Amhara,North Wello,Woldiya Town,564722.5287,1307088.244
ET031004,Amhara,Oromia,Artuma Fursi,610633.031,1165834.793
ET031002,Amhara,Oromia,Bati,615337.712,1234050.706
ET031099,Amhara,Oromia,Bati Town,610805.8517,1237445.936
ET031001,Amhara,Oromia,Dewa Cheffa,592642.0802,1191709.888
ET031005,Amhara,Oromia,Dewa Harewa,614374.6563,1190279.077
ET031003,Amhara,Oromia,Jilye Tumuga,615132.4767,1134351.971
ET031006,Amhara,Oromia,Kemisie Town,595336.5738,1184975.297
ET030210,Amhara,South Gondar,Debre Tabor Town,393390.8329,1311579.587
ET030209,Amhara,South Gondar,Dera (Amhara),355837.8498,1284180.253
ET030208OU063,Amhara,South Gondar,East Esite,398934.5885,1270789.693
ET030201OU015,Amhara,South Gondar,Ebenat,416355.6956,1349165.032
ET030204OU014,Amhara,South Gondar,Farta,402567.8866,1310676.802
ET030203,Amhara,South Gondar,Fogera,366056.3004,1314416.574
ET030205OU016,Amhara,South Gondar,Lay Gayint,438403.6988,1310386.61
ET030202OU013,Amhara,South Gondar,Libokemekem,367616.4387,1343157.638
ET030207OU017,Amhara,South Gondar,Semada,431247.4716,1253272.453
ET030206,Amhara,South Gondar,Tach Gayint,452209.8925,1278371.585
ET030211,Amhara,South Gondar,West Esite,381480.1074,1257420.97
ET030293,Amhara,South Gondar,Woreta Town,358286.5738,1318402.984
ET030408,Amhara,South Wello,Albuko,567007.4596,1195508.309
ET030404,Amhara,South Wello,Ambasel,553995.0325,1271534.309
ET030401,Amhara,South Wello,Argoba,605991.3532,1209678.586
ET030412OU019,Amhara,South Wello,Borena / Debresina,466760.2699,1188319.201
ET030406,Amhara,South Wello,Delanta,524162.8513,1283950.248
ET030418,Amhara,South Wello,Dessie City Adm.,569674.4382,1232259.442
ET030409,Amhara,South Wello,Dessie Zuria,553340.3978,1221387.099
ET030414,Amhara,South Wello,Jama,528574.4874,1150494.486
ET030407,Amhara,South Wello,Kalu,591196.6611,1224281.738
ET030413,Amhara,South Wello,Kelela,498234.7777,1165190.518
ET030417,Amhara,South Wello,Kombolcha Town,578740.7236,1226681.208
ET030403,Amhara,South Wello,Kutaber,550275.8647,1247032.364
ET030410,Amhara,South Wello,Legambo,517767.3841,1200131.54
ET030420,Amhara,South Wello,Legehida,528259.7018,1181114.479
ET030419,Amhara,South Wello,Mehal Sayint,460910.1782,1208891.361
ET030421,Amhara,South Wello,Mekdela,492811.4308,1242824.201
ET030411,Amhara,South Wello,Sayint,475449.3117,1223623.551
ET030402,Amhara,South Wello,Tenta,524673.5121,1240815.937
ET030405OU018,Amhara,South Wello,Thehulederie,575711.2433,1252001.872
ET030416,Amhara,South Wello,Wegde,465001.7554,1164476.944
ET030415OU020,Amhara,South Wello,Were Ilu,549669.671,1182361.203
ET030422,Amhara,South Wello,Worebabu,597527.7619,1265580.397
ET030805,Amhara,Wag Hamra,Abergele,487153.8319,1445697.817
ET030803,Amhara,Wag Hamra,Dehana,464516.9299,1374943.015
ET030804,Amhara,Wag Hamra,Gaz Gibla,507657.3181,1363778.255
ET030806,Amhara,Wag Hamra,Sahila,445514.4942,1430104.833
ET030802,Amhara,Wag Hamra,Sekota,506249.4509,1400816.068
ET030807,Amhara,Wag Hamra,Sekota Town,503940.5048,1394938.034
ET030801,Amhara,Wag Hamra,Zequala,468108.345,1415819.78
ET030712,Amhara,West Gojam,Bahir Dar Town,324317.8622,1281053.545
ET030702,Amhara,West Gojam,Bahirdar Zuria,320755.5726,1279388.826
ET030710,Amhara,West Gojam,Bure (Amhara),286427.4097,1165531.685
ET030798,Amhara,West Gojam,Bure Town,288342.626,1184109.839
ET030713,Amhara,West Gojam,Debub Achefer,264589.809,1269524.632
ET030707,Amhara,West Gojam,Dega Damot,348601.6914,1201033.652
ET030708OU023,Amhara,West Gojam,Dembecha,320918.2332,1164174.703
ET030714,Amhara,West Gojam,Finote Selam Town,309972.4188,1181704.8
ET030718,Amhara,West Gojam,Gonje,354780.6394,1235760.002
ET030709,Amhara,West Gojam,Jabi Tehnan,311550.8381,1183528.834
ET030704OU022,Amhara,West Gojam,Mecha,299336.603,1253524.007
ET030706,Amhara,West Gojam,Quarit,329759.8723,1213670.369
ET030705,Amhara,West Gojam,Sekela,304286.6445,1216533.875
ET030701,Amhara,West Gojam,Semen Achefer,277108.2066,1294871.092
ET030711,Amhara,West Gojam,Wemberma,259133.5787,1160316.733
ET030703OU021,Amhara,West Gojam,Yilmana Densa,335388.5552,1245410.177
ET031292,Amhara,West Gondar,Gendawuha Town,218552.039,1413863.48
ET031213OU025,Amhara,West Gondar,Metema,217815.9949,1420639.916
ET031206OU024,Amhara,West Gondar,Mirab Armacho,231266.6214,1475240.865
ET031214,Amhara,West Gondar,Quara,158337.5307,1351570.336
ET060303,Benishangul Gumz,Asosa,Assosa,2961.243693,1107458.375
ET060305,Benishangul Gumz,Asosa,Bambasi,28256.6987,1084865.39
ET060307,Benishangul Gumz,Asosa,Homosha,14898.31899,1143469.753
ET060302,Benishangul Gumz,Asosa,Kurmuk,2729.834903,1171813.44
ET060301,Benishangul Gumz,Asosa,Menge,46919.34789,1145948.184
ET060306,Benishangul Gumz,Asosa,Oda Bilidigilu,74023.7274,1122190.24
ET060304,Benishangul Gumz,Asosa,Sherkole,43483.34607,1183123.528
ET060404,Benishangul Gumz,Kemashi,Agalometi,132487.7581,1085148.246
ET060405,Benishangul Gumz,Kemashi,Belojiganfo,192494.497,1036208.08
ET060403,Benishangul Gumz,Kemashi,Kamashi,160647.7366,1049202.459
ET060402,Benishangul Gumz,Kemashi,Sodal/Sirba Abay,83948.33367,1170050.508
ET060401,Benishangul Gumz,Kemashi,Yaso,186150.6628,1107259.343
ET060508,Benishangul Gumz,Mao Komo Special,Maokomo Special,-18214.65239,1037691.536
ET060207,Benishangul Gumz,Metekel,Bulen,166908.4086,1167279.448
ET060201,Benishangul Gumz,Metekel,Dangura,175260.8062,1258756.853
ET060205,Benishangul Gumz,Metekel,Debati,194952.1848,1158428.762
ET060202,Benishangul Gumz,Metekel,Guba,113222.9752,1273254.415
ET060204,Benishangul Gumz,Metekel,Mandura,202720.6241,1219644.73
ET060206,Benishangul Gumz,Metekel,Pawe,217171.8035,1250146.578
ET060203,Benishangul Gumz,Metekel,Wenbera,122624.6739,1174452.203
ET150201O,Dire Dawa,Dire Dawa rural,Aseliso,805555.5173,1059280.712
ET150208,Dire Dawa,Dire Dawa rural,Biyoawale,829314.7733,1059941.89
ET150206,Dire Dawa,Dire Dawa rural,Jeldessa,849801.6716,1072816.927
ET150207,Dire Dawa,Dire Dawa rural,Wahil,814159.9155,1053682.332
ET150109,Dire Dawa,Dire Dawa urban,Addis Ketema (Dire Dawa),813996.5505,1061262.363
ET150111O,Dire Dawa,Dire Dawa urban,Dechatu,815801.6276,1062596.496
ET150110,Dire Dawa,Dire Dawa urban,Gende Kore,813409.8956,1062502.288
ET150112O,Dire Dawa,Dire Dawa urban,Hafat Issa,814957.8691,1063047.482
ET150113O,Dire Dawa,Dire Dawa urban,Kazira,813319.9285,1066491.01
ET150105,Dire Dawa,Dire Dawa urban,Legehare,815837.1556,1063048.402
ET150104,Dire Dawa,Dire Dawa urban,Malka Jabti (M/jebdu),806795.1115,1065636.203
ET150114O,Dire Dawa,Dire Dawa urban,Police Maret,814758.0744,1066831.865
ET150103,Dire Dawa,Dire Dawa urban,Sabian,811160.0091,1065449.652
ET120201,Gambela,Agnewak,Abobo,7113.135386,871763.6581
ET120205,Gambela,Agnewak,Dima,22765.9134,776263.2898
ET120202,Gambela,Agnewak,Gambela Zuria,31545.77939,903105.8015
ET120206,Gambela,Agnewak,Gambella Town,13699.19236,914182.2453
ET120203,Gambela,Agnewak,Gog,-20917.57457,845023.2625
ET120204,Gambela,Agnewak,Jore,-80643.47371,876591.3324
ET120407,Gambela,Etang Special,Itang,-26935.99393,925774.4977
ET120301,Gambela,Mejenger,Godere,86405.88153,802625.9853
ET120308,Gambela,Mejenger,Mengesh,67099.8904,823988.0883
ET120101,Gambela,Nuwer,Akobo,-132345.5472,884747.6791
ET120103,Gambela,Nuwer,Jikawo,-91901.55486,926576.6149
ET120102,Gambela,Nuwer,Lare,-57418.22559,925648.666
ET120105,Gambela,Nuwer,Makuey,-83115.76785,912330.3417
ET120104,Gambela,Nuwer,Wantawo,-126496.0054,924104.5874
,Gambela,,Gambella Wild Life Reserve,-53945.86801,901247.3365
ET130109,Harari,Harari,Abadir,843098.2316,1030687.706
ET130108,Harari,Harari,Aboker,842005.8602,1033525.766
ET130107,Harari,Harari,Amir Nur,848943.7683,1030488.118
ET130106,Harari,Harari,Dire Teyara,843442.4305,1037245.775
ET130105,Harari,Harari,Erer (Harari),854277.7383,1032748.233
ET130104,Harari,Harari,Hakim,839837.9191,1024684.456
ET130103,Harari,Harari,Jinela,839373.3849,1029158.189
ET130102,Harari,Harari,Shenkor,845910.6816,1034465.109
ET130101,Harari,Harari,Sofi,850713.2403,1023360.271
ET040810,Oromia,Arsi,Amigna,629849.0316,873788.4438
ET040802,Oromia,Arsi,Aseko,616667.6465,943170.6007
ET040825,Oromia,Arsi,Asela Town,514799.2671,877388.7438
ET040894O,Oromia,Arsi,Bekoji Town,527696.072,832454.5744
ET040823,Oromia,Arsi,Bele Gesgar,616655.1322,851633.1535
ET040809,Oromia,Arsi,Chole,607202.7405,896864.9761
ET040815,Oromia,Arsi,Degeluna Tijo,525270.6211,855934.2813
ET040822,Oromia,Arsi,Diksis,562022.4466,889077.6629
ET040805,Oromia,Arsi,Dodota,527784.2723,916620.6167
ET040803OU026,Oromia,Arsi,Golocha,631243.4788,915298.9014
ET040819,Oromia,Arsi,Guna,600521.3728,920753.1441
ET040807,Oromia,Arsi,Hitosa,526755.5617,892201.3646
ET040824,Oromia,Arsi,Inkolo Wabe,549371.8911,820698.2404
ET040804,Oromia,Arsi,Jeju,572350.164,923996.7622
ET040818,Oromia,Arsi,Limu Bilbilo,529966.4819,821218.688
ET040821,Oromia,Arsi,Lude Hitosa,544770.0097,895004.8687
ET040801,Oromia,Arsi,Merti,592389.5405,942888.7007
ET040817,Oromia,Arsi,Munessa,498181.7785,831978.4075
ET040812,Oromia,Arsi,Robe,588347.0908,850223.9654
ET040811,Oromia,Arsi,Seru,648478.2266,854006.3962
ET040814,Oromia,Arsi,Shirka,563703.2021,836913.8037
ET040820,Oromia,Arsi,Sire,555312.7582,917262.0769
ET040808,Oromia,Arsi,Sude,589303.2005,885635.8582
ET040813,Oromia,Arsi,Tena,555635.327,861226.7538
ET040816,Oromia,Arsi,Tiyo,513986.3571,872186.744
ET040806,Oromia,Arsi,Ziway Dugda,497261.9767,885306.4083
ET041104,Oromia,Bale,Agarfa,586582.5266,809118.5605
ET041114,Oromia,Bale,Berbere,628707.5996,742063.2153
ET041121,Oromia,Bale,Dawe Ketchen,701953.0124,735714.9772
ET041122,Oromia,Bale,Dinsho,585154.6399,782310.825
ET041106,Oromia,Bale,Gasera,627294.9478,816190.3851
ET041108,Oromia,Bale,Ginir,689459.4038,787356.5993
ET041198,Oromia,Bale,Ginir Town,691386.0534,789349.4029
ET041110,Oromia,Bale,Goba,599095.5525,758017.3345
ET041120,Oromia,Bale,Goba Town,607416.286,776529.4644
ET041105,Oromia,Bale,Gololcha Bale,677425.5639,833487.4981
ET041116,Oromia,Bale,Goro (Bale),666587.6897,768208.3233
ET041115,Oromia,Bale,Gura Damole,673939.1687,696230.3673
ET041111,Oromia,Bale,Harena Buluk,559919.125,708571.9983
ET041107,Oromia,Bale,Lege Hida,757169.2167,862129.4523
ET041113,Oromia,Bale,Meda Welabu,614907.9615,638513.6396
ET041112,Oromia,Bale,Mena (Bale),615857.7367,692774.108
ET041117,Oromia,Bale,Rayitu,771629.9109,751283.6245
ET041119,Oromia,Bale,Robe Town,613158.7528,787744.9081
ET041118,Oromia,Bale,Seweyna,774305.1596,802894.7647
ET041109,Oromia,Bale,Sinana,625283.7426,788113.8888
ET041208OU030,Oromia,Borena,Arero,500205.8483,515208.4097
ET041220,Oromia,Borena,Dhas,488182.6929,465591.0995
ET041219,Oromia,Borena,Dilo,363979.1104,464231.2731
ET041211OU027,Oromia,Borena,Dire,408996.2612,461962.7582
ET041290,Oromia,Borena,Guchi,488065.1481,415410.5689
ET041216,Oromia,Borena,Miyo,451595.6142,424786.7732
ET041210,Oromia,Borena,Moyale (Oromia),525857.727,428885.4793
ET041212OU028,Oromia,Borena,Teltale,318055.7098,527918.6426
ET041207OU029,Oromia,Borena,Yabelo,413476.1866,545207.0351
ET041622,Oromia,Buno Bedele,Badele Zuria,211797.2162,937571.0919
ET041621,Oromia,Buno Bedele,Bedele Town,208064.0725,935215.7205
ET041607,Oromia,Buno Bedele,Borecha,241375.1673,919003.7125
ET041603,Oromia,Buno Bedele,Chora (Buno Bedele),184872.6794,928655.6852
ET041623,Oromia,Buno Bedele,Chwaka,184605.8082,984640.322
ET041605,Oromia,Buno Bedele,Dabo Hana,201642.7219,963436.8177
ET041608,Oromia,Buno Bedele,Dedesa,228855.5124,899753.1343
ET041604,Oromia,Buno Bedele,Dega,184828.5831,951423.6725
ET041606,Oromia,Buno Bedele,Gechi,222600.5743,925381.9699
ET041618,Oromia,Buno Bedele,Meko,169431.9983,967063.5078
ET041099O,Oromia,East Hararge,Aweday Town,835628.4799,1035638.425
ET041004OU031,Oromia,East Hararge,Babile (Oromia),893085.2798,968787.6718
ET041013,Oromia,East Hararge,Bedeno,790103.354,1002973.683
ET041015,Oromia,East Hararge,Chinaksen,897864.3229,1063374.857
ET041011,Oromia,East Hararge,Deder,767776.2024,1019482.438
ET041097,Oromia,East Hararge,Deder Town,768253.3336,1030706.773
ET041005,Oromia,East Hararge,Fedis,843826.9977,1003426.068
ET041016,Oromia,East Hararge,Girawa,815120.9655,999303.1094
ET041017,Oromia,East Hararge,Golo Oda,775219.5946,955321.5637
ET041010,Oromia,East Hararge,Goro Gutu,756843.3724,1040747.762
ET041003,Oromia,East Hararge,Gursum (Oromia),878890.3419,1031634.616
ET041006,Oromia,East Hararge,Haro Maya,828278.8668,1034391.588
ET041001O,Oromia,East Hararge,Haromaya Town,830736.6358,1039938.192
ET041002,Oromia,East Hararge,Jarso (East Hararghe),861070.0935,1057942.105
ET041008,Oromia,East Hararge,Kersa (East Hararge),808342.8392,1038572.01
ET041001,Oromia,East Hararge,Kombolcha,846296.4658,1048185.549
ET041098,Oromia,East Hararge,Kumbi,798622.4138,892126.2776
ET041007,Oromia,East Hararge,Kurfa Chele,815644.7953,1021514.596
ET041012,Oromia,East Hararge,Melka Balo,755969.2558,984302.616
ET041009OU032,Oromia,East Hararge,Meta,784828.9197,1033942.626
ET041018,Oromia,East Hararge,Meyu Muleke,817390.3399,940966.2017
ET041014,Oromia,East Hararge,Midhaga Tola,852805.4395,969648.1437
ET040706,Oromia,East Shewa,Ada'a,501805.9877,968039.1442
ET040703,Oromia,East Shewa,Adama,528383.0362,935988.7849
ET040714,Oromia,East Shewa,Adama Town,529889.4,942251.8653
ET040708,Oromia,East Shewa,Adama Tulu Jido Kombolcha,463318.8866,864524.4492
ET040709,Oromia,East Shewa,Bishoftu Town,496837.4944,967100.7191
ET040710,Oromia,East Shewa,Bora,492307.3079,919290.7719
ET040702,Oromia,East Shewa,Boset,559507.6445,955073.2439
ET040707,Oromia,East Shewa,Dugda,474101.3294,903855.4017
ET040701,Oromia,East Shewa,Fentale,597463.4881,982246.2913
ET040705,Oromia,East Shewa,Gimbichu,520606.0175,994768.3688
ET040711,Oromia,East Shewa,Liben Chukala,487777.7295,940018.3291
ET040704OU068,Oromia,East Shewa,Lome (Oromia),515848.8943,951580.2905
ET040799O,Oromia,East Shewa,Metehara Town,601284.8988,983718.3466
ET040207,Oromia,East Wellega,Bila Seyo,275903.9409,1034197.689
ET040205,Oromia,East Wellega,Boneya Boshe,284316.9056,986123.4624
ET040210,Oromia,East Wellega,Diga,205451.0954,1001539.403
ET040203,Oromia,East Wellega,Gida Ayana,241924.0246,1095917.422
ET040208,Oromia,East Wellega,Gobu Seyo,277599.0777,1013720.112
ET040213,Oromia,East Wellega,Guto Gida,235782.389,1026118.777
ET040204,Oromia,East Wellega,Haro Limu,198794.885,1086351.942
ET040202,Oromia,East Wellega,Ibantu,219907.3818,1114353.088
ET040214,Oromia,East Wellega,Jimma Arjo,230096.3596,964556.3396
ET040217,Oromia,East Wellega,Kiremu,259926.9851,1112800.914
ET040212,Oromia,East Wellega,Leka Dulecha,221180.9777,984966.2464
ET040201,Oromia,East Wellega,Limu (Oromia),221462.5331,1074893.986
ET040297,Oromia,East Wellega,Nekemte Town,228485.2414,1003498.11
ET040215,Oromia,East Wellega,Nunu Kumba,248959.5303,963924.9541
ET040211,Oromia,East Wellega,Sasiga,212304.1276,1021137.425
ET040209,Oromia,East Wellega,Sibu Sire,259417.3697,1012764.968
ET040216,Oromia,East Wellega,Wama Hagalo,268135.0598,973061.2659
ET040206,Oromia,East Wellega,Wayu Tuka,245431.1753,998566.3405
ET042012,Oromia,Finfine Special,Akaki,479942.0228,969652.7408
ET042011,Oromia,Finfine Special,Bereh,494770.0141,1007792.9
ET042001,Oromia,Finfine Special,Burayu,460398.4127,1000821.581
ET042008O,Oromia,Finfine Special,Dukem,489301.8476,971979.3359
ET042098,Oromia,Finfine Special,Gelana (Finfine),481043.7814,974774.4962
ET042004O,Oromia,Finfine Special,Lege tafo-Lege Dadi Town,489730.6456,1003130.288
ET042016,Oromia,Finfine Special,Mulo,453230.4347,1026493.331
ET042009O,Oromia,Finfine Special,Sebeta /Town/,460856.949,985254.4788
ET042006,Oromia,Finfine Special,Sebeta Hawas,455909.621,972281.5756
ET042018,Oromia,Finfine Special,Sendafa Town,502248.0321,1011862.55
ET042013,Oromia,Finfine Special,Sululta,471804.7712,1030348.769
ET042005O,Oromia,Finfine Special,Sululta Town,473340.6044,1014683.917
ET042014OU069,Oromia,Finfine Special,Welmera,447139.0623,1001583.779
ET041403,Oromia,Guji,Adola,499809.96,658043.9573
ET041492,Oromia,Guji,Adola Town,498188.4497,650298.7093
ET041408,Oromia,Guji,Afele Kola (Dima),447253.2398,692061.7838
ET041411,Oromia,Guji,Ana Sora,475928.3685,682945.5445
ET041402,Oromia,Guji,Bore,457808.8419,703619.8698
ET041410,Oromia,Guji,Girja (Harenfema),521320.3671,678405.6866
ET041413,Oromia,Guji,Gora Dola,542803.4584,604147.7301
ET041407OU034,Oromia,Guji,Liben,565905.4058,564834.2043
ET041414O,Oromia,Guji,Negele /Town/,564681.4877,590058.5542
ET041405,Oromia,Guji,Odo Shakiso,479822.8789,636710.0328
ET041412OU033,Oromia,Guji,Saba Boru,501169.8749,598416.6203
ET041499,Oromia,Guji,Shakiso Town,490118.9143,638029.6875
ET041401OU035,Oromia,Guji,Uraga,452524.4078,671509.8736
ET041404,Oromia,Guji,Wadera,531783.5966,646146.5758
ET041904,Oromia,Horo Gudru Wellega,Ababo,337796.692,1084600.917
ET041905,Oromia,Horo Gudru Wellega,Abay Chomen,319252.4308,1075423.634
ET041910,Oromia,Horo Gudru Wellega,Abe Dongoro,262404.4112,1061888.024
ET041909,Oromia,Horo Gudru Wellega,Amuru,281710.0343,1119453.317
ET041903OU036,Oromia,Horo Gudru Wellega,Guduru,326582.7629,1044441.888
ET041901OU037,Oromia,Horo Gudru Wellega,Horo,293274.3484,1066550.161
ET041908,Oromia,Horo Gudru Wellega,Jarte Jardega,296811.2619,1095056.527
ET041906,Oromia,Horo Gudru Wellega,Jimma Genete,296111.2678,1038451.669
ET041907,Oromia,Horo Gudru Wellega,Jimma Rare,317742.6963,1023155.036
ET041902,Oromia,Horo Gudru Wellega,Shambu Town,291837.3654,1058225.743
ET040311,Oromia,Ilu Aba Bora,Ale,116197.1082,899397.1807
ET040302,Oromia,Ilu Aba Bora,Alge Sachi,145524.839,951491.6324
ET040314,Oromia,Ilu Aba Bora,Becho (Ilu Aba Bora),137381.9484,895852.5321
ET040315,Oromia,Ilu Aba Bora,Bilo Nopha,117828.2337,933563.525
ET040312,Oromia,Ilu Aba Bora,Bure (Oromia),73382.34724,922678.004
ET040301,Oromia,Ilu Aba Bora,Darimu,101207.7277,954642.7917
ET040317,Oromia,Ilu Aba Bora,Didu,119017.5007,878975.0882
ET040324,Oromia,Ilu Aba Bora,Dorani,149837.6569,935400.2711
ET040319,Oromia,Ilu Aba Bora,Halu (Huka),97452.58549,906290.4024
ET040316,Oromia,Ilu Aba Bora,Hurumu,145887.4418,910861.4828
ET040320,Oromia,Ilu Aba Bora,Metu Town,123561.4552,919466.3978
ET040310,Oromia,Ilu Aba Bora,Metu Zuria,105386.0713,925196.2972
ET040313,Oromia,Ilu Aba Bora,Sale Nono,79548.60572,873918.5782
ET040309,Oromia,Ilu Aba Bora,Yayu,163277.8355,913299.3169
ET040417,Oromia,Jimma,Agaro Town,233647.6992,869075.9872
ET040415OU038,Oromia,Jimma,Chora (Jimma),307053.0327,919565.743
ET040410OU039,Oromia,Jimma,Dedo,272341.675,820015.2946
ET040408,Oromia,Jimma,Gera,195761.5586,851754.7707
ET040407,Oromia,Jimma,Goma,233824.7258,871737.9103
ET040416,Oromia,Jimma,Gumay,216743.2056,882010.1924
ET040401O,Oromia,Jimma,Jimma/Town/,260580.3499,847807.6169
ET040405,Oromia,Jimma,Kersa (Jimma),283037.6672,860212.8536
ET040402,Oromia,Jimma,Limu Kosa,274781.1478,887923.8932
ET040401,Oromia,Jimma,Limu Seka,267004.2236,929178.579
ET040406,Oromia,Jimma,Mena (Jimma),252979.114,860745.235
ET040499,Oromia,Jimma,Nono Benja,289715.6495,958656.156
ET040411OU040,Oromia,Jimma,Omo Nada,305349.1379,834225.5817
ET040409,Oromia,Jimma,Seka Chekorsa,240853.2983,837189.5799
ET040403,Oromia,Jimma,Sekoru,330587.9056,885862.8648
ET040413,Oromia,Jimma,Setema,193039.9522,892431.1025
ET040414,Oromia,Jimma,Shebe Sambo,219933.6118,831829.6613
ET040412,Oromia,Jimma,Sigmo,171824.721,874946.7608
ET040404,Oromia,Jimma,Tiro Afeta,307512.1882,880298.4051
ET041807,Oromia,Kelem Wellega,Anfilo,7265.338718,953894.6018
ET041808,Oromia,Kelem Wellega,Dale Sadi,82060.89185,989352.7937
ET041803OU041,Oromia,Kelem Wellega,Dale Wabera,67690.70784,990778.7289
ET041806,Oromia,Kelem Wellega,Denbi Dollo Town,37480.91739,945724.116
ET041804,Oromia,Kelem Wellega,Gawo Kebe,52922.79534,1013742.593
ET041809,Oromia,Kelem Wellega,Gidami,-2853.777132,987783.8037
ET041801,Oromia,Kelem Wellega,Hawa Galan,58686.49049,955907.3556
ET041810,Oromia,Kelem Wellega,Jimma Horo,33362.12009,999221.7155
ET041811,Oromia,Kelem Wellega,Lalo Kile,96330.16561,981659.8462
ET041805,Oromia,Kelem Wellega,Sayo,40262.99685,938315.7613
ET041802,Oromia,Kelem Wellega,Yama Logi Welel,44181.58395,976050.8613
ET040609,Oromia,North Shewa,Abichugna Gne'a,525605.8859,1062148.017
ET040617,Oromia,North Shewa,Aleltu,513060.2248,1017791.683
ET040607,Oromia,North Shewa,Debre Libanos,483877.7711,1067818.81
ET040605,Oromia,North Shewa,Degem,456209.255,1084976.059
ET040602,Oromia,North Shewa,Dera (Oromia),459781.844,1128955.284
ET040613,Oromia,North Shewa,Fiche Town,471113.2335,1081953.996
ET040606,Oromia,North Shewa,Gerar Jarso,470874.4928,1082427.1
ET040603,Oromia,North Shewa,Hidabu Abote,447027.8397,1100980.049
ET040615,Oromia,North Shewa,Jida,500340.0941,1038979.212
ET040610,Oromia,North Shewa,Kimbibit,525304.731,1039067.66
ET040604,Oromia,North Shewa,Kuyu,423785.6019,1077691.162
ET040601,Oromia,North Shewa,Wara Jarso,414286.4107,1100453.6
ET040608,Oromia,North Shewa,Wuchale,490668.3523,1059166.25
ET040614,Oromia,North Shewa,Yaya Gulele,458499.7593,1060436.94
ET041301,Oromia,South West Shewa,Ameya,356380.6403,946205.0613
ET041309,Oromia,South West Shewa,Becho (SW Shewa),416892.0078,957263.5049
ET041304,Oromia,South West Shewa,Dawo,404643.377,971842.8168
ET041312,Oromia,South West Shewa,Goro (SW Shewa),373713.2631,929917.4108
ET041305,Oromia,South West Shewa,Ilu,426907.933,975231.9891
ET041307,Oromia,South West Shewa,Kersana Malima,447063.4828,947085.4257
ET041310,Oromia,South West Shewa,Seden Sodo,421915.7213,931508.6682
ET041314,Oromia,South West Shewa,Sodo Daci,461570.9286,937248.8193
ET041308,Oromia,South West Shewa,Tole,433107.1159,952992.0807
ET041303,Oromia,South West Shewa,Waliso,394304.8564,945022.8915
ET041302,Oromia,South West Shewa,Wenchi,377657.4009,958596.3728
ET041311,Oromia,South West Shewa,Woliso Town,387377.4127,944339.8923
ET041710,Oromia,West Arsi,Adaba,558502.536,772615.7622
ET041703OU042,Oromia,West Arsi,Arsi Negele,466507.7538,827174.8065
ET041799O,Oromia,West Arsi,Arsi Negele Town,463159.4052,810547.0438
ET041798,Oromia,West Arsi,Bishan Guracha,440571.6773,787474.4463
ET041707,Oromia,West Arsi,Dodola,516813.0234,761269.9488
ET041700O,Oromia,West Arsi,Dodola Town,519941.6403,771442.5936
ET041706,Oromia,West Arsi,Gedeb Asasa,519044.8437,794037.5902
ET041704,Oromia,West Arsi,Kofele,482330.5345,775902.6806
ET041708,Oromia,West Arsi,Kokosa,479046.9099,750651.5321
ET041705,Oromia,West Arsi,Kore,492300.0495,798629.9979
ET041709,Oromia,West Arsi,Nenesebo (Wereka),522746.536,727635.1
ET041702,Oromia,West Arsi,Shala,433545.8341,811167.6404
ET041711,Oromia,West Arsi,Shashemene Town,455995.0652,796078.1894
ET041712,Oromia,West Arsi,Shashemene Zuria,455485.7328,797033.1105
ET041701,Oromia,West Arsi,Siraro,410514.8425,788053.266
ET041797,Oromia,West Arsi,Wondo,457241.6402,786662.2863
ET041513,Oromia,West Guji,Abaya,391256.7514,702553.8576
ET041501,Oromia,West Guji,Bule Hora,423885.7421,624405.9917
ET041587,Oromia,West Guji,Bule Hora Town,415681.628,624044.9037
ET041515,Oromia,West Guji,Dugda Dawa,425229.7479,587456.919
ET041517,Oromia,West Guji,Gelana (West Guji),389739.2614,661980.8286
ET041509,Oromia,West Guji,Hambela Wamena,442960.9505,656807.7534
ET041502OU064,Oromia,West Guji,Kercha,441476.0405,636779.5757
ET041518,Oromia,West Guji,Melka Soda,457733.2882,598287.0485
ET041594,Oromia,West Guji,Suro Berguda,395175.5877,614135.3199
ET040906,Oromia,West Hararge,Anchar,632229.7159,963388.8719
ET040914,Oromia,West Hararge,Bedesa,695214.9551,984816.0204
ET040910,Oromia,West Hararge,Boke,692346.7313,952541.0365
ET040998,Oromia,West Hararge,Burqua Dhintu,735725.4192,918785.9152
ET040905,Oromia,West Hararge,Chiro Town,705207.7922,1004110.107
ET040913,Oromia,West Hararge,Chiro Zuria,700943.0457,1003134.71
ET040909,Oromia,West Hararge,Daro Lebu,661729.0474,936049.2472
ET040902,Oromia,West Hararge,Doba,728531.2511,1028571.866
ET040912,Oromia,West Hararge,Gemechis,718250.0013,979690.8271
ET040907,Oromia,West Hararge,Goba Koricha,668343.5826,987117.3749
ET040908,Oromia,West Hararge,Habro,666298.6774,967961.8291
ET040915,Oromia,West Hararge,Hawi Gudina,687845.1098,898906.6689
ET040911,Oromia,West Hararge,Kuni,718619.1341,960420.5095
ET040904,Oromia,West Hararge,Mesela,739498.3667,994157.8313
ET040901OU043,Oromia,West Hararge,Mieso,668452.091,1011703.495
ET040903,Oromia,West Hararge,Tulo (Oromia),733262.57,1015131.934
ET040516,Oromia,West Shewa,Abuna G/Beret,388273.1907,1068869.649
ET040513,Oromia,West Shewa,Adda Berga,435995.2019,1042171.113
ET040515,Oromia,West Shewa,Ambo Town,373962.8127,992461.5843
ET040503,Oromia,West Shewa,Ambo Zuria,374419.3813,999650.4539
ET040506,Oromia,West Shewa,Bako Tibe,297128.2764,1005974.085
ET040505,Oromia,West Shewa,Cheliya,325050.8186,1001339.998
ET040507,Oromia,West Shewa,Dano,311889.1197,968224.6364
ET040510OU045,Oromia,West Shewa,Dendi,405953.1414,993500.0909
ET040511,Oromia,West Shewa,Ejere (Addis Alem),429958.1786,1002456.731
ET040501,Oromia,West Shewa,Ginde Beret,363029.4109,1065476.034
ET040519,Oromia,West Shewa,Ifata,381823.4703,1015071.044
ET040500,Oromia,West Shewa,Illu Galan,312428.4959,992011.8894
ET040502OU044,Oromia,West Shewa,Jeldu,389274.4735,1031430.111
ET040518,Oromia,West Shewa,Jibat,333374.3935,963646.0999
ET040597,Oromia,West Shewa,Liban Jawi,337379.3345,986922.6431
ET040514OU046,Oromia,West Shewa,Meta Robi,416019.0093,1046745.995
ET040504,Oromia,West Shewa,Mida Kegn,342789.1684,1017359.406
ET040508,Oromia,West Shewa,Nono,328165.8822,942366.7494
ET040509,Oromia,West Shewa,Tikur Enchini,350908.8145,972220.2138
ET040517,Oromia,West Shewa,Toke Kutaye,358945.7226,989676.6367
ET040107,Oromia,West Wellega,Ayira,94545.92741,1011463.018
ET040111,Oromia,West Wellega,Babo,71198.18751,1046602.328
ET040116,Oromia,West Wellega,Begi,10113.7904,1035069.134
ET040110,Oromia,West Wellega,Boji Chekorsa,116019.87,1028303.474
ET040106,Oromia,West Wellega,Boji Dirmeji,130189.2785,1040980.062
ET040113,Oromia,West Wellega,Gaji,125635.6713,1000706.573
ET040103,Oromia,West Wellega,Gimbi,159145.1693,1013876.848
ET040193,Oromia,West Wellega,Gimbi Town,150728.7829,1015995.762
ET040109,Oromia,West Wellega,Gudetu Kondole,33802.10554,1041577.48
ET040119,Oromia,West Wellega,Guliso,98396.60053,1022735.893
ET040114,Oromia,West Wellega,Haru,154225.5844,994222.0219
ET040117,Oromia,West Wellega,Homa,138568.5404,1003215.083
ET040108,Oromia,West Wellega,Jarso (West Wellega),95056.84096,1045836.442
ET040105,Oromia,West Wellega,Kiltu Kara,91509.07469,1075768.451
ET040104,Oromia,West Wellega,Lalo Asabi,134141.8245,1019263.808
ET040101OU048,Oromia,West Wellega,Mana Sibu,64104.25495,1081240.46
ET040102OU047,Oromia,West Wellega,Nejo,111824.5788,1059236.246
ET040199O,Oromia,West Wellega,Nejo Town,116242.2893,1052314.105
ET040115,Oromia,West Wellega,Nole Kaba,146270.3869,974784.5955
ET040118,Oromia,West Wellega,Sayo Nole,123882.7156,978750.1803
ET040112,Oromia,West Wellega,Yubdo,110372.653,993807.2373
ET071108,SNNP,Bench Maji,Bero,83699.84207,702605.369
ET071103,SNNP,Bench Maji,Debub Bench,114939.9506,760654.4824
ET071102,SNNP,Bench Maji,Gurafereda,76944.38561,764158.1663
ET071107,SNNP,Bench Maji,Maji,133952.523,656974.6348
ET071105,SNNP,Bench Maji,Menit Goldiye,154678.9502,751176.1129
ET071106,SNNP,Bench Maji,Menit Shasha,135693.8333,718478.6888
ET071111,SNNP,Bench Maji,Mizan Aman Town,119968.4097,771764.9899
ET071110,SNNP,Bench Maji,Semen Bench,129412.0804,782797.2374
ET071104,SNNP,Bench Maji,Shay Bench,140957.8991,764294.4927
ET071101,SNNP,Bench Maji,Sheka,109645.1388,783383.0965
ET071109,SNNP,Bench Maji,Surma,85689.79494,653639.4457
ET071705,SNNP,Dawuro,Esira,266773.0454,757138.08
ET071704,SNNP,Dawuro,Gena Bosa,315759.9485,791910.0209
ET071703,SNNP,Dawuro,Lome (SNNP),298567.0141,753896.516
ET071702,SNNP,Dawuro,Mareka,294929.3487,778983.0907
ET071790,SNNP,Dawuro,Tercha Town,297825.2912,790794.6399
ET071701,SNNP,Dawuro,Tocha,275845.1154,787216.0625
ET071096,SNNP,Gamo Gofa,Arba Minch Town,340963.736,667803.2661
ET071016,SNNP,Gamo Gofa,Arba Minch Zuria,338319.5534,660027.5978
ET071015,SNNP,Gamo Gofa,Ayida,258288.4325,685162.3349
ET071013,SNNP,Gamo Gofa,Bonke,307971.5932,654202.0194
ET071004,SNNP,Gamo Gofa,Boreda,351467.1002,721919.3494
ET071007,SNNP,Gamo Gofa,Chencha,341162.0355,692809.7218
ET071009,SNNP,Gamo Gofa,Daramalo,311632.5217,695524.6513
ET071002,SNNP,Gamo Gofa,Denibu Gofa,280144.5267,714934.744
ET071008,SNNP,Gamo Gofa,Dita,329046.995,694839.8525
ET071017,SNNP,Gamo Gofa,Geze Gofa,257374.1562,703362.7929
ET071012,SNNP,Gamo Gofa,Kemba,293898.4669,664127.2505
ET071003,SNNP,Gamo Gofa,Kucha,319053.632,721621.616
ET071001,SNNP,Gamo Gofa,Melekoza,244329.4416,721996.3125
ET071005,SNNP,Gamo Gofa,Mirab Abaya,360101.2797,698512.4894
ET071011,SNNP,Gamo Gofa,Ouba Debretsehaye,264335.9759,670615.4242
ET071097,SNNP,Gamo Gofa,Sawla Town,266660.7934,696191.2711
ET071010,SNNP,Gamo Gofa,Zala,287977.3313,695759.444
ET070504,SNNP,Gedeo,Bule,429979.3888,688568.4723
ET070507,SNNP,Gedeo,Dila City Admin,422657.0811,708560.9019
ET070505,SNNP,Gedeo,Dila Zuria,427229.3492,702395.6663
ET070503,SNNP,Gedeo,Kochere,409824.8848,667297.3297
ET070506,SNNP,Gedeo,Kochere Gedeb,420521.6612,658867.4564
ET070501,SNNP,Gedeo,Wenago,418193.4866,694778.3874
ET070502,SNNP,Gedeo,Yirgachefe,412070.8457,680929.2449
ET070587,SNNP,Gedeo,Yirgachefe Town,411875.7107,680836.9515
ET070102,SNNP,Guraghe,Abeshege,348315.387,918935.7185
ET070115,SNNP,Guraghe,Butajira Town,432211.3311,897552.0744
ET070110,SNNP,Guraghe,Cheha,370899.7203,900681.1349
ET070108,SNNP,Guraghe,Endiguagn,373827.9793,865138.8349
ET070111,SNNP,Guraghe,Enemorina Eaner,362713.601,884844.7809
ET070103,SNNP,Guraghe,Ezha,393837.9854,900291.1899
ET070113,SNNP,Guraghe,Geta,385533.8117,876285.0899
ET070109OU049,SNNP,Guraghe,Gumer,397516.158,883947.8975
ET070101,SNNP,Guraghe,Kebena,379827.1605,920090.9122
ET070104,SNNP,Guraghe,Kokir Gedbano,411363.3119,919665.9149
ET070107,SNNP,Guraghe,Mareko,448479.7343,883739.2852
ET070106,SNNP,Guraghe,Meskan,432887.1562,899727.6721
ET070112,SNNP,Guraghe,Muhur Na Aklil,400224.3222,908465.8284
ET070105,SNNP,Guraghe,Sodo,450341.3633,915398.4265
ET070114,SNNP,Guraghe,Welkite Town,365616.5367,916125.9629
ET070208,SNNP,Hadiya,Analemmo,388072.2588,844265.2402
ET070207,SNNP,Hadiya,Dune,352370.7968,811547.3133
ET070210,SNNP,Hadiya,Gembora,353120.3632,855858.1473
ET070202,SNNP,Hadiya,Gibe,347863.9859,838717.9182
ET070211,SNNP,Hadiya,Hosaena Town,372723.8902,833917.2547
ET070203,SNNP,Hadiya,Limu (SNNP),374232.7686,833891.3834
ET070209,SNNP,Hadiya,Mirab Badowach,371008.7513,790211.8761
ET070201,SNNP,Hadiya,Misha,364035.1737,857501.9195
ET070205OU065,SNNP,Hadiya,Misrak Badawacho,390215.2196,791768.113
ET070204,SNNP,Hadiya,Shashogo,393463.1338,829192.3655
ET070206,SNNP,Hadiya,Soro,340045.9868,822448.8206
ET072101OU050,SNNP,Halaba Special,Halaba SP Woreda,414021.7927,821239.3357
ET070910,SNNP,Kefa,Bita (Big),132680.3983,816247.13
ET070911,SNNP,Kefa,Bonga Town,195652.2395,804479.4429
ET070909,SNNP,Kefa,Chena,155310.0301,802126.9766
ET070907,SNNP,Kefa,Cheta,209048.9445,764704.3919
ET070908,SNNP,Kefa,Decha,186857.8868,757057.3184
ET070902,SNNP,Kefa,Gesha (Deka),134525.6626,845071.3016
ET070903,SNNP,Kefa,Getawa,166720.7766,836414.4449
ET070904,SNNP,Kefa,Gimbo,193948.2199,814351.1381
ET070905,SNNP,Kefa,Menjiwo,229740.9493,803450.1066
ET070901,SNNP,Kefa,Sayilem,147224.9297,870892.803
ET070906,SNNP,Kefa,Tulo (SNNP),219068.6293,785405.5205
ET070302,SNNP,Kembata Tibaro,Anigacha,374311.3198,813643.6137
ET070307,SNNP,Kembata Tibaro,Damboya,384890.536,813416.1751
ET070306,SNNP,Kembata Tibaro,Doya Gena,368236.4486,816653.1263
ET070308,SNNP,Kembata Tibaro,Durame Town,378253.8164,800634.1475
ET070305OU051,SNNP,Kembata Tibaro,Hadero Tunto,351639.67,799655.5251
ET070304OU052,SNNP,Kembata Tibaro,Kacha Bira,364899.6794,798988.6955
ET070303,SNNP,Kembata Tibaro,Kediada Gambela,383402.0566,801614.4841
ET070301,SNNP,Kembata Tibaro,Tembaro,333255.0789,804172.0695
ET071901,SNNP,Konta Special,Ela (Konta) SP Woreda,235722.6294,760140.7216
ET071301,SNNP,Segen Area P.,Alle,296170.4891,616367.2211
ET071302,SNNP,Segen Area P.,Amaro,368815.976,639864.5377
ET071303,SNNP,Segen Area P.,Burji,364497.8608,606030.2499
ET071304,SNNP,Segen Area P.,Derashe,320291.0232,625072.5408
ET071305,SNNP,Segen Area P.,Konso,318895.2868,592335.7307
ET071306,SNNP,Segen Area P.,Segen town,338880.7839,618014.3032
ET070802,SNNP,Sheka,Anderacha,95995.26718,836945.7054
ET070801,SNNP,Sheka,Masha,109841.1441,856392.1762
ET070805O,SNNP,Sheka,Masha Town,110732.2041,856759.1848
ET070804O,SNNP,Sheka,Tepi Town,104570.0282,796920.0062
ET070803,SNNP,Sheka,Yeki,110488.492,802811.2544
ET070405,SNNP,Sidama,Aleta Wendo,438548.6484,730402.8972
ET070487,SNNP,Sidama,Aleta Wondo Town,435870.6689,730215.5565
ET070403,SNNP,Sidama,Arbe Gonna,466674.1863,738600.5328
ET070409,SNNP,Sidama,Aroresa,498940.8464,697085.0492
ET070408,SNNP,Sidama,Bensa,483081.8519,721658.1206
ET070418,SNNP,Sidama,Bona Zuria,467872.2641,719262.6104
ET070410,SNNP,Sidama,Boricha,414896.6564,761582.3506
ET070416,SNNP,Sidama,Bursa,454990.1938,731461.6896
ET070415,SNNP,Sidama,Chire,502481.6629,717805.8556
ET070417,SNNP,Sidama,Chuko,423432.6321,725539.7182
ET070404,SNNP,Sidama,Dale,433455.9783,747315.1093
ET070406,SNNP,Sidama,Dara,432702.9445,713962.7356
ET070411,SNNP,Sidama,Gorche,453826.6135,757578.0845
ET070419,SNNP,Sidama,Hawasa Town,443166.661,779107.1195
ET070402,SNNP,Sidama,Hawassa Zuria,433205.8684,777970.7378
ET070407,SNNP,Sidama,Hulla,452261.9155,717814.5047
ET070414,SNNP,Sidama,Loka Abaya,408431.4463,735264.7518
ET070412,SNNP,Sidama,Malga,460527.8717,766444.1663
ET070401,SNNP,Sidama,Shebe Dino,438020.7686,761385.128
ET070421O,SNNP,Sidama,Tula Town,442605.2422,769249.3092
ET070420,SNNP,Sidama,Wondo-Genet,456151.0394,777718.3649
ET070413,SNNP,Sidama,Wonosho,446102.3899,744524.6891
ET070486,SNNP,Sidama,Yirgalem Town Adm.,433402.5418,745562.4721
ET072001,SNNP,Siltie,Alicho Woriro,409575.2345,883716.2544
ET072005,SNNP,Siltie,Dalocha,419853.2561,859414.332
ET072003,SNNP,Siltie,Lanfero,432734.1395,860083.8977
ET072004,SNNP,Siltie,Mierab Azenet Berbere,382233.4818,858656.0362
ET072007,SNNP,Siltie,Misrak Azenet Berbere,392363.5882,862286.3624
ET072006,SNNP,Siltie,Sankura,408289.5711,834305.4327
ET072002,SNNP,Siltie,Silti,427413.9132,881160.6661
ET072008,SNNP,Siltie,Wilbareg,404357.9346,856773.9363
ET072098,SNNP,Siltie,Worabe Town,410682.3497,867942.0486
ET070701,SNNP,South Omo,Basketo SP Woreda,230005.0911,694977.5436
ET070705,SNNP,South Omo,Bena Tsemay,241431.8424,603052.832
ET070706,SNNP,South Omo,Dasenech (Kuraz),177212.0232,518480.438
ET070703,SNNP,South Omo,Gelila / North Ari,239932.8361,683168.784
ET070708,SNNP,South Omo,Gnangatom,164490.2757,580093.3532
ET070704,SNNP,South Omo,Hamer,223037.0695,548236.6217
ET070793,SNNP,South Omo,Jinka Town Admin,230646.5544,639743.5232
ET070707,SNNP,South Omo,Male,265332.6784,637464.4383
ET070709,SNNP,South Omo,Selamgo,186107.6233,658597.9244
ET070702,SNNP,South Omo,South Ari (Bako Gazer),224227.5712,652591.6324
ET070614O,SNNP,Wolayita,Areka Town,357112.3905,781284.4223
ET070615O,SNNP,Wolayita,Boditi Town,374254.4982,768698.1314
ET070608,SNNP,Wolayita,Boloso Bombe,340168.554,785919.6581
ET070601,SNNP,Wolayita,Boloso sore,357542.8351,782203.1243
ET070602,SNNP,Wolayita,Damot Gale,377132.4944,772951.6393
ET070611,SNNP,Wolayita,Damot Pulasa,374076.1122,779109.0993
ET070609,SNNP,Wolayita,Damot Sore,351965.8341,768097.366
ET070603,SNNP,Wolayita,Damot Weydie,383863.2649,756555.7746
ET070612,SNNP,Wolayita,Diguna Fango,395032.3179,766587.8394
ET070604OU053,SNNP,Wolayita,Humbo,372612.682,737967.6767
ET070610,SNNP,Wolayita,Kindo Dida,318157.8437,748890.8753
ET070606,SNNP,Wolayita,Kindo Koyesha,336171.8442,765940.2534
ET070607,SNNP,Wolayita,Ofa,338665.5756,742943.8776
ET070613,SNNP,Wolayita,Sodo Town,362839.115,758063.6785
ET070605,SNNP,Wolayita,Sodo Zuria,359573.6313,755705.3088
ET071201,SNNP,Yem Special,Yem SP Woreda,333330.3447,863870.3203
ET050807,Somali,Afder,Barey,891976.209,505316.3496
ET050802,Somali,Afder,Charati/Weyib,798312.8803,578217.8293
ET050808,Somali,Afder,Dolobay,846025.9509,493680.4236
ET050804,Somali,Afder,Elkare/Serer,839549.9084,665158.1052
ET050899,Somali,Afder,God-god,952219.442,520335.5248
ET050806,Somali,Afder,Hargele,893962.2129,586942.2875
ET050898,Somali,Afder,Kohle/Qoxle,939997.7609,550181.904
ET050805,Somali,Afder,West Imi,861881.3307,695957.2014
ET051104,Somali,Daawa,Hudet,596210.2564,493409.0693
ET051103,Somali,Daawa,Moyale (Somali),571598.6377,434042.6343
ET051187,Somali,Daawa,Mubarek,642776.4691,480523.9463
ET051198,Somali,Daawa,Qada Duma,553113.8069,398433.4893
ET050702OU054,Somali,Doolo,Bokh,1375686.229,857358.9611
ET050701,Somali,Doolo,Danod,1236009.781,856980.7839
ET050788,Somali,Doolo,Daratole,1202617.747,805611.2592
ET050703,Somali,Doolo,Galadi,1301393.182,768901.1727
ET050704OU055,Somali,Doolo,Warder,1206717.309,754015.3956
ET050402OU057,Somali,Erer,Fik,871562.8259,902928.8471
ET050404OU056,Somali,Erer,Hamero,866851.6071,849162.0147
ET050407,Somali,Erer,Lagahida,834283.3763,823274.7936
ET050408,Somali,Erer,Meyumuluka,837277.8536,913890.4847
ET050497,Somali,Erer,Qubi,827272.437,854610.0261
ET050205OU058,Somali,Fafan,Aw-bare,945618.818,1079066.486
ET050201,Somali,Fafan,Babile (Somali),916090.0279,1010537.986
ET050290,Somali,Fafan,Goljano,921334.5255,909764.201
ET050202,Somali,Fafan,Gursum (Somali),900213.3267,1022533.561
ET050298,Somali,Fafan,Haroreys,938802.3764,1036373.269
ET050207,Somali,Fafan,Harshin,1025945.513,985556.3759
ET050293,Somali,Fafan,Jigjiga City,918652.4698,1037264.42
ET050206OU059,Somali,Fafan,Kebribeyah,960658.0129,1003335.382
ET050204,Somali,Fafan,Shabeeley,918631.2071,1026154.255
ET050283,Somali,Fafan,Tuliguled,911882.345,1048359.745
ET050395,Somali,Jarar,Ararso,977123.6527,962701.9255
ET050303,Somali,Jarar,Aware,1067778.528,894036.3831
ET050394,Somali,Jarar,Burqod,1013375.271,839101.5924
ET050392,Somali,Jarar,Daror,1103539.418,936177.2217
ET050307,Somali,Jarar,Degahabur City,1003350.618,911772.8204
ET050302OU060,Somali,Jarar,Degehabur,1004872.759,908328.6733
ET050301,Somali,Jarar,Degehamedo,944731.379,906181.4846
ET050399,Somali,Jarar,Dig,1105458.323,860602.6774
ET050304,Somali,Jarar,Gashamo,1193019.744,905661.5654
ET050305,Somali,Jarar,Gunagado,1072105.241,846272.1095
ET050599,Somali,Korahe,Bodaley,1033059.176,791596.597
ET050504,Somali,Korahe,Debeweyin,1097443.479,677013.1693
ET050598,Somali,Korahe,El-Ogaden,1115659.921,795352.9297
ET050597,Somali,Korahe,Higloley,1107465.352,647171.2111
ET050502OU070,Somali,Korahe,Kebridehar,1088917.621,740363.8531
ET050592,Somali,Korahe,Kebridehar City,1083421.997,748147.8
ET050596,Somali,Korahe,Lasdhankayre,1028009.063,738145.2192
ET050586,Somali,Korahe,Marsin,1133082.719,836770.3257
ET050501,Somali,Korahe,Shekosh,1059853.2,816515.589
ET050503,Somali,Korahe,Shilabo,1188760.562,661690.4199
ET050991,Somali,Liban,Deka suftu,620473.6834,558647.3486
ET050902OU061,Somali,Liban,Dolo Odo,763635.2458,480920.3301
ET050901,Somali,Liban,Filtu,707113.9963,563128.0225
ET050903,Somali,Liban,Goro Baqaqsa,752470.1849,666279.9746
ET050904,Somali,Liban,Guradamole,722131.6513,690912.4443
ET051006,Somali,Nogob,Dihun,894017.4046,799691.4136
ET051002,Somali,Nogob,Elwayne,944628.8229,724518.5412
ET051003,Somali,Nogob,Garbo,960511.9905,800288.8855
ET051095,Somali,Nogob,Horshagah,1001529.718,784235.2437
ET051005,Somali,Nogob,Sagag,921138.6697,838332.077
ET050699,Somali,Shabelle,Aba-korow,920796.1543,693611.7533
ET050602,Somali,Shabelle,Adadle,995363.1997,610590.4301
ET050608,Somali,Shabelle,Berocano,974131.6072,678449.3133
ET050603,Somali,Shabelle,Danan,992885.8526,735082.9567
ET050601OU071,Somali,Shabelle,East Imi,877562.4202,743823.4742
ET050607,Somali,Shabelle,Ferfer,1169640.469,577946.3213
ET050604OU062,Somali,Shabelle,Gode,1031472.131,675030.7728
ET050696,Somali,Shabelle,Godey City,1005502.33,658933.8087
ET050605,Somali,Shabelle,Kelafo,1074640.646,597394.4656
ET050606,Somali,Shabelle,Mustahil,1127769.926,582068.7869
ET050105,Somali,Siti,Afdem,726040.0277,1070894.12
ET050101,Somali,Siti,Ayisha,879803.1407,1184103.371
ET050102,Somali,Siti,Dembel,884662.0317,1099343.978
ET050104,Somali,Siti,Erer (Somali),764990.3215,1095707.376
ET050199,Somali,Siti,Gablalu,727014.8322,1143247.176
ET050198,Somali,Siti,Gota-biki,744913.8208,1089148.198
ET050106,Somali,Siti,Hadhagala,805332.4408,1163359.398
ET050107,Somali,Siti,Miesso,704072.4052,1050254.729
ET050103,Somali,Siti,Shinile,810400.2223,1098083.436
ET010211,Tigray,Central,Abi Adi Town,499334.0763,1507571.588
ET010204,Tigray,Central,Adwa,492080.4643,1567895.931
ET010212,Tigray,Central,Adwa Town,488014.8393,1566972.254
ET010202,Tigray,Central,Aheferom,513853.3777,1590299.034
ET010213,Tigray,Central,Axum Town,470509.1453,1561504.558
ET010208,Tigray,Central,Kola Temben,490852.159,1515512.124
ET010205,Tigray,Central,Laelay Maychew,474264.7432,1558713.358
ET010201,Tigray,Central,Mereb Lehe,474597.2025,1589005.323
ET010207,Tigray,Central,Naeder Adet,466206.7772,1530718.76
ET010206,Tigray,Central,Tahtay Mayechew,455658.9387,1557751.851
ET010210,Tigray,Central,Tanqua Abergele,488293.1946,1481895.962
ET010203,Tigray,Central,Werei Leke,510077.6829,1546447.164
ET010308,Tigray,Eastern,Adigrat Town,550163.4664,1578052.294
ET010307,Tigray,Eastern,Atsbi Wenberta,582332.751,1527877.966
ET010302,Tigray,Eastern,Erob,573585.8606,1600945.497
ET010304,Tigray,Eastern,Ganta Afeshum,541449.0774,1574022.791
ET010301,Tigray,Eastern,Gulo Mekeda,544253.3795,1592910.04
ET010305,Tigray,Eastern,Hawzen,541648.4713,1544202.734
ET010306,Tigray,Eastern,Kelete Awelallo,557131.0025,1520964.081
ET010303,Tigray,Eastern,Saesie Tsaedamba,567079.6053,1565700.533
ET010309,Tigray,Eastern,Wukro Town,564857.7842,1524228.929
ET011068,Tigray,Mekele Special,Adhaki,548645.8243,1491726.355
ET011067,Tigray,Mekele Special,Ayder,550269.6615,1496050.764
ET011062,Tigray,Mekele Special,Debub & Semen Mekele,555622.4718,1495517.066
ET011066,Tigray,Mekele Special,Hadnet,551683.7126,1489529.638
ET011065,Tigray,Mekele Special,Hawelti,548555.9058,1494028.134
ET011064,Tigray,Mekele Special,Kedamay Weyane,552509.3847,1492165.406
ET011063,Tigray,Mekele Special,Kuha,559149.161,1490690.671
ET010105,Tigray,North Western,Asgede Tsimbila,391466.5647,1543555.119
ET010102,Tigray,North Western,Laelay Adiabo,413317.2197,1588318.614
ET010103,Tigray,North Western,Medebay Zana,440291.2977,1549404.934
ET010107,Tigray,North Western,Sheraro Town,369693.2787,1592455.176
ET010108,Tigray,North Western,Shire,422491.4973,1559122.414
ET010101,Tigray,North Western,Tahtay Adiyabo,369580.2241,1595470.868
ET010104,Tigray,North Western,Tahtay Koraro,423347.0665,1558597.847
ET010106,Tigray,North Western,Tselemti,409578.0341,1507097.605
ET010604,Tigray,South Eastern,Dega Temben,524935.8887,1506491.99
ET010602,Tigray,South Eastern,Enderta,559992.9888,1486562.767
ET010603,Tigray,South Eastern,Hintalo Wajirat,563329.6513,1452800.997
ET010601,Tigray,South Eastern,Saharti Samre,518759.7796,1460132.772
ET010404,Tigray,Southern,Alage,545851.205,1431561.497
ET010407,Tigray,Southern,Alamata,555622.3313,1369250.307
ET010411,Tigray,Southern,Alamata Town,560964.1791,1372914.914
ET010405,Tigray,Southern,Endamehoni,549269.3926,1410477.064
ET010410,Tigray,Southern,Korem Town,555904.2024,1382590.02
ET010409,Tigray,Southern,Maychew Town,558988.633,1413181.754
ET010408,Tigray,Southern,Ofla,541677.5181,1386929.386
ET010406,Tigray,Southern,Raya Azebo,581135.3409,1400134.821
ET010501,Tigray,Western,Kafta Humera,276872.1906,1553995.83
ET010504,Tigray,Western,Setit Humera,242680.2622,1579664.563
ET010503,Tigray,Western,Tsegede (Tigray),289124.4711,1492658.872
ET010502,Tigray,Western,Welkait,327570.2479,1521637.864
